exam_score,test_score,assignment_score,practical_score,final_score,performance_category,pass_fail
38.1,5.8,7.5,14.2,66.3,Good,Pass
23.6,5.5,8.3,13.5,53.3,Average,Pass
42.9,7.2,7.5,16.0,76.0,Good,Pass
45.0,6.9,9.9,15.3,76.1,Good,Pass
13.7,4.4,8.9,5.2,32.7,At Risk,Fail
20.7,8.2,6.8,15.1,47.1,At Risk,Fail
36.2,6.4,6.8,10.8,60.3,Average,Pass
31.4,4.8,7.8,9.6,52.0,Average,Pass
34.6,8.3,6.2,13.1,61.8,Average,Pass
25.6,7.4,8.6,14.8,53.0,Average,Pass
44.3,4.6,7.6,9.0,66.4,Good,Pass
43.2,9.2,7.5,15.6,72.1,Good,Pass
35.5,7.5,8.0,15.7,67.1,Good,Pass
47.0,6.5,9.3,13.7,74.0,Good,Pass
39.8,8.9,7.4,11.2,65.6,Good,Pass
25.5,6.7,7.1,10.9,52.5,Average,Pass
38.8,6.5,9.0,16.5,71.9,Good,Pass
24.4,5.5,8.4,9.4,50.0,Average,Pass
44.3,7.4,6.8,16.6,78.2,Good,Pass
34.3,7.2,7.2,13.1,60.3,Average,Pass
32.8,6.5,7.4,13.3,63.1,Average,Pass
27.4,5.3,7.6,8.8,46.3,At Risk,Fail
48.0,6.7,5.6,13.2,75.0,Good,Pass
33.1,6.4,5.3,15.3,59.2,Average,Pass
30.2,4.5,6.1,9.9,48.8,At Risk,Fail
31.0,4.3,6.0,15.0,57.6,Average,Pass
40.5,7.3,6.4,13.8,70.1,Good,Pass
38.7,2.6,8.0,11.8,62.9,Average,Pass
39.3,6.8,7.0,16.0,69.5,Good,Pass
39.5,5.8,7.4,7.4,60.4,Average,Pass
57.9,8.5,5.7,14.6,87.7,Excellent,Pass
30.4,5.8,6.6,18.1,61.6,Average,Pass
29.3,7.5,7.9,17.6,63.4,Average,Pass
26.0,5.9,7.9,14.7,54.9,Average,Pass
41.5,6.7,6.3,12.8,68.9,Good,Pass
47.0,7.6,7.4,11.8,70.6,Good,Pass
33.6,5.8,9.8,12.8,61.7,Average,Pass
25.7,8.0,7.2,15.1,53.3,Average,Pass
25.9,5.0,6.4,11.3,49.2,At Risk,Fail
41.8,6.9,7.0,15.7,74.8,Good,Pass
42.8,7.9,7.3,19.6,76.6,Good,Pass
40.7,7.5,7.0,13.4,68.9,Good,Pass
27.6,9.4,7.2,9.8,55.5,Average,Pass
37.3,5.4,5.5,9.8,53.8,Average,Pass
36.1,4.4,6.0,15.8,61.3,Average,Pass
37.2,5.0,7.0,13.4,63.4,Average,Pass
44.2,7.5,7.0,16.1,69.0,Good,Pass
37.2,7.2,6.5,12.1,61.1,Average,Pass
42.1,6.7,7.0,15.9,73.9,Good,Pass
35.5,4.8,7.3,13.2,62.8,Average,Pass
37.9,7.7,8.3,11.5,66.1,Good,Pass
41.6,4.7,7.1,12.5,67.6,Good,Pass
19.1,8.2,7.7,10.2,45.7,At Risk,Fail
31.3,10.0,6.6,19.2,68.2,Good,Pass
29.7,7.0,7.9,13.3,57.4,Average,Pass
27.9,7.4,7.7,15.4,58.6,Average,Pass
31.8,5.8,8.2,12.1,56.7,Average,Pass
50.9,3.8,8.1,10.7,76.0,Good,Pass
25.4,5.6,7.9,12.9,54.9,Average,Pass
45.3,4.9,7.1,16.7,76.6,Good,Pass
16.6,4.3,7.5,12.1,39.8,At Risk,Fail
31.2,9.1,8.5,11.2,58.0,Average,Pass
36.6,6.9,6.4,14.0,66.5,Good,Pass
41.1,7.1,6.4,15.0,70.7,Good,Pass
42.5,6.0,7.4,18.2,74.8,Good,Pass
43.4,6.2,7.7,14.6,70.6,Good,Pass
31.0,7.9,6.2,15.4,61.4,Average,Pass
29.8,6.5,7.1,15.6,56.8,Average,Pass
44.1,7.3,7.1,10.4,70.1,Good,Pass
32.7,6.2,4.5,10.9,57.1,Average,Pass
21.0,6.0,6.9,10.6,47.8,At Risk,Fail
22.6,4.4,7.0,9.9,45.2,At Risk,Fail
24.9,3.5,7.0,15.8,48.5,At Risk,Fail
40.2,6.1,8.9,14.4,70.0,Good,Pass
36.3,6.6,5.7,13.8,66.8,Good,Pass
42.3,4.6,6.2,6.3,57.6,Average,Pass
30.2,6.4,4.1,19.4,59.9,Average,Pass
36.5,6.6,6.6,11.1,63.6,Average,Pass
41.6,3.3,6.7,19.3,72.1,Good,Pass
31.5,5.1,6.6,9.5,57.7,Average,Pass
39.7,7.1,8.5,11.3,65.2,Good,Pass
27.7,7.1,8.2,7.4,48.4,At Risk,Fail
30.9,4.8,7.3,14.6,60.0,Average,Pass
30.7,6.7,6.8,10.5,52.3,Average,Pass
21.9,8.0,8.4,10.6,48.6,At Risk,Fail
40.1,7.7,7.2,9.8,64.5,Average,Pass
29.7,6.4,6.2,15.8,60.2,Average,Pass
34.9,5.8,5.1,15.6,62.7,Average,Pass
40.0,5.6,6.7,18.7,71.8,Good,Pass
39.6,7.2,8.1,11.7,65.8,Good,Pass
42.0,6.8,9.9,14.2,75.4,Good,Pass
33.7,7.4,7.3,10.0,66.5,Good,Pass
30.2,6.7,6.3,12.7,57.3,Average,Pass
33.9,7.7,5.8,12.1,59.8,Average,Pass
16.6,6.6,7.9,14.9,43.4,At Risk,Fail
19.2,7.7,5.1,16.4,47.1,At Risk,Fail
20.5,7.8,7.9,16.4,52.1,Average,Pass
24.0,5.3,8.2,11.2,47.7,At Risk,Fail
39.1,3.8,7.7,16.4,67.0,Good,Pass
25.0,8.8,6.9,13.5,57.8,Average,Pass
30.7,6.9,7.9,12.7,60.7,Average,Pass
48.8,3.9,7.4,11.6,71.5,Good,Pass
31.0,5.4,6.3,12.0,52.3,Average,Pass
42.8,7.7,9.4,18.5,81.0,Excellent,Pass
24.7,6.1,6.8,14.5,51.9,Average,Pass
32.6,5.7,8.1,14.1,57.1,Average,Pass
24.5,8.6,4.3,12.9,51.7,Average,Pass
31.1,4.9,8.7,20.0,66.9,Good,Pass
43.9,5.3,9.0,17.3,70.5,Good,Pass
16.1,6.8,7.2,11.6,40.1,At Risk,Fail
39.5,7.1,7.9,12.8,67.1,Good,Pass
37.4,7.2,7.9,13.0,67.0,Good,Pass
28.4,7.9,6.4,14.0,55.7,Average,Pass
19.2,6.8,7.9,11.6,43.8,At Risk,Fail
35.6,7.2,6.2,14.8,65.3,Good,Pass
29.1,6.1,6.5,17.7,58.4,Average,Pass
37.3,6.6,8.6,9.9,63.5,Average,Pass
35.0,6.7,8.4,10.4,58.3,Average,Pass
52.1,6.8,6.4,12.2,74.8,Good,Pass
32.2,7.7,6.3,12.4,60.1,Average,Pass
23.7,7.3,6.4,19.2,57.2,Average,Pass
36.7,6.6,8.1,16.4,69.6,Good,Pass
37.2,5.3,6.0,16.2,63.6,Average,Pass
49.5,6.6,7.6,12.9,75.0,Good,Pass
43.8,6.5,8.1,12.8,73.9,Good,Pass
38.7,6.8,7.1,9.5,59.0,Average,Pass
50.6,9.8,8.4,15.8,87.1,Excellent,Pass
22.0,5.7,6.8,15.0,52.1,Average,Pass
27.9,7.1,6.9,17.2,60.9,Average,Pass
24.8,8.1,6.0,13.0,50.6,Average,Pass
30.6,6.6,8.4,13.2,57.2,Average,Pass
19.9,10.0,6.3,14.1,49.9,At Risk,Fail
41.7,5.9,7.6,16.1,68.7,Good,Pass
32.4,7.0,7.1,9.5,54.1,Average,Pass
18.9,5.3,5.9,15.7,47.1,At Risk,Fail
23.8,6.0,6.5,13.5,51.1,Average,Pass
38.2,6.9,8.9,10.6,62.5,Average,Pass
43.9,7.8,7.4,7.8,68.2,Good,Pass
56.4,7.0,6.0,13.2,83.5,Excellent,Pass
60.0,8.4,7.6,17.7,96.6,Excellent,Pass
39.3,6.4,7.0,18.3,72.1,Good,Pass
24.1,6.0,10.0,14.6,56.8,Average,Pass
11.8,10.0,7.5,19.1,49.4,At Risk,Fail
37.7,7.1,6.7,13.5,67.0,Good,Pass
26.0,5.4,8.9,16.3,54.0,Average,Pass
30.3,5.5,5.0,12.3,52.9,Average,Pass
28.2,5.1,7.3,12.2,52.7,Average,Pass
33.3,7.9,9.6,11.7,62.0,Average,Pass
46.3,6.0,7.1,7.8,68.0,Good,Pass
36.5,6.7,5.1,17.2,66.8,Good,Pass
33.1,6.4,6.7,11.8,58.8,Average,Pass
23.6,7.6,8.9,11.4,51.2,Average,Pass
16.7,5.2,7.7,10.3,38.4,At Risk,Fail
29.5,4.9,6.2,13.0,55.9,Average,Pass
34.2,6.8,6.4,18.5,66.7,Good,Pass
53.9,7.4,6.5,19.5,85.2,Excellent,Pass
36.2,7.0,7.6,8.9,59.4,Average,Pass
45.4,5.3,8.8,12.6,68.6,Good,Pass
29.4,7.5,8.5,10.7,56.2,Average,Pass
22.0,5.4,7.7,16.4,51.1,Average,Pass
24.4,5.7,5.6,14.4,48.9,At Risk,Fail
27.0,5.1,5.6,11.8,52.6,Average,Pass
57.8,8.5,7.8,13.8,85.6,Excellent,Pass
25.9,7.5,5.6,12.3,52.6,Average,Pass
43.9,7.4,6.9,18.1,80.7,Excellent,Pass
25.0,8.4,7.6,15.1,58.3,Average,Pass
44.9,10.0,5.8,15.5,76.1,Good,Pass
39.0,3.9,6.0,6.1,52.7,Average,Pass
33.1,5.4,7.1,13.4,56.3,Average,Pass
34.4,5.6,7.8,19.4,66.3,Good,Pass
27.7,5.2,8.5,17.3,57.4,Average,Pass
39.6,4.9,7.9,8.4,59.4,Average,Pass
29.9,6.1,7.3,12.7,55.3,Average,Pass
21.6,4.7,6.3,10.2,42.6,At Risk,Fail
21.0,7.0,5.9,18.4,53.3,Average,Pass
36.7,6.6,6.6,14.3,61.6,Average,Pass
51.9,7.2,7.7,11.5,76.9,Good,Pass
36.5,7.3,7.6,13.7,64.8,Average,Pass
33.5,7.4,4.7,6.3,51.5,Average,Pass
37.9,5.9,6.3,10.6,64.3,Average,Pass
48.9,9.7,8.6,13.7,81.4,Excellent,Pass
37.2,6.9,7.3,16.0,64.1,Average,Pass
30.4,3.7,5.5,8.2,48.6,At Risk,Fail
46.7,5.0,10.0,12.5,75.4,Good,Pass
39.4,3.9,7.2,16.4,66.7,Good,Pass
51.4,6.5,7.7,9.5,72.7,Good,Pass
36.8,6.3,7.7,14.2,68.5,Good,Pass
21.6,5.8,6.8,13.8,45.8,At Risk,Fail
20.0,9.5,6.3,18.4,55.6,Average,Pass
52.6,7.3,9.7,13.0,83.1,Excellent,Pass
53.4,7.6,8.4,13.1,83.7,Excellent,Pass
32.9,5.1,8.2,16.0,65.6,Good,Pass
30.7,5.0,7.9,9.9,54.6,Average,Pass
50.6,6.6,6.0,13.0,75.0,Good,Pass
22.8,6.8,8.7,12.3,52.9,Average,Pass
25.1,3.7,6.2,13.2,47.0,At Risk,Fail
41.7,6.2,7.5,16.0,71.8,Good,Pass
30.5,6.5,5.2,15.2,54.9,Average,Pass
34.7,6.2,4.8,11.5,55.1,Average,Pass
33.0,5.3,7.6,14.0,60.0,Average,Pass
38.4,5.7,6.2,17.8,68.9,Good,Pass
50.0,6.2,4.8,11.3,68.9,Good,Pass
35.8,6.6,7.8,14.0,65.3,Good,Pass
41.8,7.4,9.7,13.1,70.3,Good,Pass
12.7,8.1,8.9,13.4,45.6,At Risk,Fail
34.3,6.1,6.9,9.0,55.6,Average,Pass
25.7,5.8,7.2,17.6,54.0,Average,Pass
21.6,7.2,8.3,11.4,48.6,At Risk,Fail
25.3,7.4,8.5,16.5,55.9,Average,Pass
31.2,5.8,6.8,11.9,58.2,Average,Pass
44.7,7.7,7.2,11.8,71.5,Good,Pass
20.5,8.0,7.6,17.0,52.7,Average,Pass
35.1,8.4,7.9,16.4,69.0,Good,Pass
29.6,9.2,7.0,14.2,58.0,Average,Pass
31.3,5.2,7.1,15.7,56.7,Average,Pass
45.6,6.5,8.9,12.8,74.6,Good,Pass
40.6,6.5,8.7,13.6,67.2,Good,Pass
49.2,6.4,7.8,11.7,72.9,Good,Pass
33.1,5.5,9.3,16.1,65.7,Good,Pass
27.3,4.3,6.7,11.7,51.0,Average,Pass
32.4,6.6,9.1,17.8,63.4,Average,Pass
37.4,5.3,7.9,12.7,62.1,Average,Pass
36.7,6.6,10.0,13.7,65.2,Good,Pass
23.1,5.3,5.8,15.7,53.4,Average,Pass
35.8,4.9,6.4,13.7,62.5,Average,Pass
37.3,6.9,7.7,12.8,63.7,Average,Pass
60.0,6.7,7.7,13.5,89.1,Excellent,Pass
55.1,7.4,9.5,16.1,85.4,Excellent,Pass
25.6,9.8,6.4,11.7,52.2,Average,Pass
31.7,6.9,8.3,13.2,60.4,Average,Pass
19.0,7.2,8.6,13.6,49.4,At Risk,Fail
28.4,4.9,8.0,16.0,57.2,Average,Pass
38.2,4.6,6.0,13.3,62.6,Average,Pass
47.8,8.9,8.9,18.7,84.4,Excellent,Pass
26.9,5.1,8.7,13.2,53.6,Average,Pass
27.7,4.9,7.9,12.9,52.9,Average,Pass
11.6,6.4,7.4,13.1,37.8,At Risk,Fail
33.0,6.4,7.5,9.9,57.3,Average,Pass
23.3,5.1,7.1,10.7,47.1,At Risk,Fail
29.1,6.0,8.0,12.1,55.6,Average,Pass
25.3,8.3,7.2,16.8,55.3,Average,Pass
33.8,5.3,6.2,13.5,56.8,Average,Pass
15.8,4.4,5.9,12.2,39.2,At Risk,Fail
19.0,7.9,6.3,17.0,53.1,Average,Pass
57.8,7.2,7.5,17.9,90.7,Excellent,Pass
20.9,5.6,7.2,17.1,49.9,At Risk,Fail
23.0,4.1,7.5,11.2,46.2,At Risk,Fail
54.6,5.4,7.8,12.2,77.8,Good,Pass
60.0,6.4,6.4,18.7,94.2,Excellent,Pass
22.1,8.2,9.0,14.3,54.0,Average,Pass
30.8,4.9,6.9,12.9,54.2,Average,Pass
38.5,6.4,6.7,15.6,66.8,Good,Pass
53.5,7.5,7.8,16.4,84.1,Excellent,Pass
24.1,2.9,5.0,12.0,46.7,At Risk,Fail
32.2,8.1,6.3,14.2,60.3,Average,Pass
43.2,4.7,8.4,16.2,72.8,Good,Pass
39.5,7.0,5.1,10.4,63.1,Average,Pass
30.7,6.9,8.5,13.6,58.3,Average,Pass
33.4,8.1,9.0,10.5,61.4,Average,Pass
20.0,7.3,6.8,10.8,45.4,At Risk,Fail
32.2,2.9,7.6,12.0,51.6,Average,Pass
31.9,5.3,8.5,14.9,61.2,Average,Pass
37.3,6.7,6.6,12.7,63.3,Average,Pass
28.8,6.2,8.2,11.8,55.3,Average,Pass
39.9,7.2,6.4,13.7,67.3,Good,Pass
45.7,7.7,6.6,10.4,71.0,Good,Pass
36.5,7.4,6.2,14.8,67.6,Good,Pass
38.6,6.2,7.6,16.8,66.8,Good,Pass
35.4,3.7,8.6,13.4,60.4,Average,Pass
34.8,5.8,7.0,13.0,62.0,Average,Pass
27.0,7.1,5.7,14.6,55.4,Average,Pass
38.2,4.9,5.9,7.9,57.8,Average,Pass
33.7,7.4,7.7,15.1,69.5,Good,Pass
57.4,7.9,9.4,20.0,95.9,Excellent,Pass
51.8,6.7,7.7,13.3,81.7,Excellent,Pass
39.0,1.9,6.7,13.3,60.3,Average,Pass
26.6,4.6,8.1,15.7,53.0,Average,Pass
22.8,9.3,6.9,18.2,56.6,Average,Pass
47.7,5.7,6.7,16.3,77.8,Good,Pass
37.6,3.5,6.0,7.6,55.6,Average,Pass
40.0,8.4,8.9,15.2,73.2,Good,Pass
16.0,6.5,4.2,20.0,46.2,At Risk,Fail
44.8,8.2,8.2,15.3,75.7,Good,Pass
39.7,6.9,6.6,10.4,63.3,Average,Pass
22.8,7.2,6.7,14.4,52.5,Average,Pass
29.7,7.0,9.2,10.0,57.7,Average,Pass
37.6,7.5,6.3,17.1,66.6,Good,Pass
35.4,9.9,6.4,10.9,64.1,Average,Pass
31.6,8.0,7.0,13.8,59.2,Average,Pass
33.7,4.1,7.7,11.2,57.6,Average,Pass
32.1,7.2,6.7,12.1,57.6,Average,Pass
36.4,8.2,5.3,17.8,70.9,Good,Pass
50.7,8.3,6.2,13.9,78.2,Good,Pass
7.1,5.9,8.7,12.0,34.1,At Risk,Fail
32.2,8.2,7.3,10.4,59.4,Average,Pass
36.7,7.9,7.7,8.4,59.0,Average,Pass
38.0,10.0,6.9,10.1,64.8,Average,Pass
30.8,5.4,6.4,13.9,55.9,Average,Pass
15.8,5.7,9.2,16.3,46.1,At Risk,Fail
38.3,6.0,7.0,12.0,62.5,Average,Pass
53.5,5.8,6.7,18.0,86.1,Excellent,Pass
18.2,5.2,8.5,11.6,42.3,At Risk,Fail
44.1,2.4,6.3,12.9,66.9,Good,Pass
31.3,5.8,6.5,10.6,54.8,Average,Pass
34.1,7.1,7.2,16.4,62.0,Average,Pass
23.4,5.8,7.2,19.5,56.9,Average,Pass
31.2,9.4,7.5,8.7,53.9,Average,Pass
48.8,6.5,9.7,12.6,79.0,Good,Pass
41.1,8.4,7.6,17.1,73.3,Good,Pass
53.5,6.9,4.3,9.5,74.3,Good,Pass
47.5,7.7,7.6,15.2,75.4,Good,Pass
39.5,6.9,7.2,17.0,71.0,Good,Pass
53.6,8.6,7.3,13.8,85.1,Excellent,Pass
39.5,6.6,7.5,15.1,67.1,Good,Pass
43.7,7.2,7.2,18.5,75.5,Good,Pass
31.6,7.0,7.1,19.1,65.7,Good,Pass
35.5,6.1,7.9,13.4,63.9,Average,Pass
27.3,7.1,6.5,12.1,48.2,At Risk,Fail
45.5,9.9,6.1,11.0,76.5,Good,Pass
22.1,6.1,10.0,16.3,55.6,Average,Pass
43.2,7.1,6.3,9.8,67.9,Good,Pass
32.7,8.4,7.3,12.9,61.1,Average,Pass
47.4,8.2,5.4,13.9,71.2,Good,Pass
42.9,6.5,7.3,12.2,70.3,Good,Pass
54.5,2.9,6.1,14.4,76.7,Good,Pass
42.7,7.3,6.7,20.0,77.7,Good,Pass
17.8,3.2,8.5,13.3,42.3,At Risk,Fail
34.1,8.7,7.8,12.4,63.4,Average,Pass
22.1,6.8,7.9,16.4,51.7,Average,Pass
29.2,8.0,5.1,14.3,58.3,Average,Pass
51.1,5.1,9.4,17.6,80.9,Excellent,Pass
41.7,4.2,5.8,14.1,70.2,Good,Pass
27.3,6.9,9.0,12.9,60.6,Average,Pass
23.9,6.4,8.4,8.6,50.6,Average,Pass
35.2,5.8,7.9,9.1,60.4,Average,Pass
21.7,6.6,6.2,8.5,42.8,At Risk,Fail
27.6,10.0,7.4,14.7,61.9,Average,Pass
38.2,7.8,6.6,9.8,62.1,Average,Pass
47.3,8.1,7.2,17.1,76.6,Good,Pass
41.4,7.8,6.9,13.7,72.7,Good,Pass
10.1,8.7,4.8,12.9,38.7,At Risk,Fail
38.1,6.2,8.5,11.2,64.0,Average,Pass
35.6,3.4,7.1,15.3,59.0,Average,Pass
39.3,6.2,6.6,11.3,62.3,Average,Pass
52.3,7.7,6.5,10.8,73.7,Good,Pass
12.5,5.0,7.6,16.9,44.0,At Risk,Fail
28.4,6.2,6.1,14.6,52.2,Average,Pass
41.2,5.5,4.5,12.9,64.7,Average,Pass
17.7,8.8,7.7,15.4,47.9,At Risk,Fail
50.7,7.6,7.8,13.6,77.0,Good,Pass
38.8,7.5,7.0,14.7,68.4,Good,Pass
43.9,7.4,5.8,11.3,67.8,Good,Pass
28.6,6.4,7.3,19.4,63.5,Average,Pass
43.6,6.8,5.4,12.0,65.3,Good,Pass
46.3,4.7,6.0,18.0,73.5,Good,Pass
37.3,3.2,6.3,13.1,55.1,Average,Pass
37.3,6.7,8.2,15.9,63.8,Average,Pass
37.7,7.0,6.8,15.7,70.7,Good,Pass
25.5,8.3,6.7,16.8,61.4,Average,Pass
33.2,8.9,9.5,11.2,63.0,Average,Pass
33.2,8.9,7.6,16.6,64.6,Average,Pass
38.9,5.0,7.6,18.8,69.7,Good,Pass
45.6,6.0,6.8,12.9,72.9,Good,Pass
23.4,7.2,6.5,13.7,49.7,At Risk,Fail
33.4,10.0,4.6,12.1,60.6,Average,Pass
50.8,8.7,8.4,12.6,80.5,Excellent,Pass
26.8,8.2,7.7,18.4,59.9,Average,Pass
25.9,5.9,7.0,10.8,48.6,At Risk,Fail
37.0,5.2,7.0,11.0,60.7,Average,Pass
43.9,7.7,8.1,18.1,75.8,Good,Pass
34.9,4.8,5.3,15.3,61.4,Average,Pass
49.2,6.1,6.5,19.5,80.4,Excellent,Pass
44.1,6.3,5.8,12.3,68.8,Good,Pass
43.9,8.9,9.3,14.0,78.8,Good,Pass
40.8,6.0,8.3,11.8,66.4,Good,Pass
59.9,2.8,4.6,14.0,83.2,Excellent,Pass
32.6,7.3,5.4,8.6,50.3,Average,Pass
13.2,5.5,7.0,15.5,40.2,At Risk,Fail
52.1,6.6,6.6,14.5,79.9,Good,Pass
29.9,6.4,5.6,13.4,59.1,Average,Pass
36.0,6.1,9.5,12.5,60.2,Average,Pass
48.9,7.7,7.6,11.1,75.1,Good,Pass
17.5,4.2,7.8,15.6,48.0,At Risk,Fail
21.3,5.7,6.4,10.3,42.1,At Risk,Fail
17.5,7.5,8.1,15.0,47.7,At Risk,Fail
26.2,5.6,6.7,19.4,58.6,Average,Pass
39.5,4.1,6.9,17.8,68.6,Good,Pass
40.5,7.5,7.9,9.4,68.4,Good,Pass
37.8,8.2,5.2,12.1,64.2,Average,Pass
19.5,6.4,9.1,14.8,52.5,Average,Pass
9.9,3.6,7.4,13.4,33.5,At Risk,Fail
35.4,7.6,8.7,9.7,59.9,Average,Pass
29.7,4.0,5.9,14.7,53.9,Average,Pass
39.8,7.0,6.1,13.6,64.1,Average,Pass
42.4,5.2,5.8,19.0,73.3,Good,Pass
36.3,4.8,7.5,12.9,60.7,Average,Pass
43.0,5.8,7.3,16.9,71.7,Good,Pass
37.3,6.2,6.6,10.1,61.2,Average,Pass
40.5,5.5,6.0,10.7,60.5,Average,Pass
27.2,7.4,5.7,15.6,57.4,Average,Pass
32.9,5.8,7.1,16.6,61.5,Average,Pass
36.9,8.0,6.6,10.9,64.8,Average,Pass
43.7,6.9,6.4,13.7,69.8,Good,Pass
30.5,5.5,9.1,9.7,56.1,Average,Pass
40.4,5.2,7.1,13.1,66.2,Good,Pass
31.9,4.0,8.7,15.9,62.1,Average,Pass
33.5,6.9,6.6,12.4,59.6,Average,Pass
43.8,6.0,7.5,12.9,66.8,Good,Pass
13.3,2.9,7.1,10.4,35.8,At Risk,Fail
20.8,5.7,5.2,11.8,43.3,At Risk,Fail
18.8,5.1,8.9,18.5,53.0,Average,Pass
9.6,8.9,7.0,13.8,40.7,At Risk,Fail
27.5,3.9,8.1,10.8,48.8,At Risk,Fail
42.9,4.3,6.3,12.7,64.4,Average,Pass
31.7,8.2,7.0,9.1,57.3,Average,Pass
36.9,8.5,6.2,10.8,61.8,Average,Pass
46.6,5.4,8.7,17.4,79.9,Good,Pass
49.1,5.6,7.6,13.2,75.1,Good,Pass
34.1,7.4,7.6,18.9,70.1,Good,Pass
49.4,3.0,8.8,13.3,75.4,Good,Pass
35.8,3.7,8.6,13.5,62.2,Average,Pass
25.8,6.1,8.1,15.4,54.6,Average,Pass
28.4,8.8,5.5,6.1,49.3,At Risk,Fail
18.8,5.8,6.4,14.2,47.6,At Risk,Fail
25.2,6.7,6.0,13.5,51.2,Average,Pass
30.9,8.2,8.1,17.8,66.0,Good,Pass
43.5,9.7,7.4,16.3,76.9,Good,Pass
53.4,5.6,5.5,10.4,75.2,Good,Pass
19.9,6.5,7.0,17.1,53.8,Average,Pass
39.0,9.2,5.4,12.9,69.0,Good,Pass
23.6,4.2,7.1,11.1,46.1,At Risk,Fail
39.9,8.0,5.2,14.2,67.8,Good,Pass
33.4,5.0,7.8,13.0,57.8,Average,Pass
15.0,6.7,7.7,17.9,46.9,At Risk,Fail
44.8,6.1,9.5,14.6,75.6,Good,Pass
28.3,5.1,8.2,14.2,57.4,Average,Pass
29.0,5.0,6.7,16.1,58.4,Average,Pass
23.2,6.9,8.2,16.7,52.8,Average,Pass
27.7,8.0,5.5,15.8,59.0,Average,Pass
39.4,6.3,6.0,17.6,69.2,Good,Pass
32.8,6.6,7.6,15.3,60.3,Average,Pass
38.3,7.4,4.6,14.1,67.1,Good,Pass
38.7,5.0,7.2,17.1,70.9,Good,Pass
49.1,7.6,6.0,13.3,76.5,Good,Pass
31.1,7.7,7.3,13.7,61.3,Average,Pass
18.8,10.0,5.9,18.4,54.7,Average,Pass
46.3,5.9,7.7,18.1,80.9,Excellent,Pass
31.2,5.8,7.2,13.6,59.3,Average,Pass
46.8,7.7,8.9,12.3,73.0,Good,Pass
38.9,7.7,7.2,17.7,75.6,Good,Pass
33.4,5.7,6.3,15.8,63.3,Average,Pass
38.6,5.9,6.9,14.5,64.8,Average,Pass
55.9,7.3,5.6,12.7,79.4,Good,Pass
57.2,5.3,7.7,14.5,85.7,Excellent,Pass
35.5,5.9,7.9,13.5,62.3,Average,Pass
36.5,6.6,10.0,11.7,65.6,Good,Pass
46.4,8.0,6.5,14.0,76.3,Good,Pass
25.7,5.6,6.9,14.3,51.3,Average,Pass
38.4,3.7,6.5,12.5,59.0,Average,Pass
34.5,3.6,7.5,16.1,62.5,Average,Pass
38.2,4.6,7.7,17.2,66.6,Good,Pass
25.8,4.5,7.1,16.3,54.1,Average,Pass
17.6,6.3,8.5,12.8,42.5,At Risk,Fail
12.4,4.7,6.5,15.7,38.8,At Risk,Fail
22.7,5.4,8.4,13.8,51.8,Average,Pass
29.8,5.3,7.8,10.1,54.4,Average,Pass
31.6,5.8,7.2,15.5,58.6,Average,Pass
55.7,8.5,6.8,14.0,82.7,Excellent,Pass
46.7,7.5,10.0,20.0,84.3,Excellent,Pass
24.4,6.5,6.2,17.7,56.0,Average,Pass
38.6,5.8,7.6,15.6,68.3,Good,Pass
30.4,5.9,6.3,14.3,55.8,Average,Pass
31.7,7.0,9.3,14.1,62.7,Average,Pass
36.8,7.4,8.3,10.8,66.2,Good,Pass
41.5,5.1,6.4,8.7,62.2,Average,Pass
31.1,6.6,7.8,11.2,53.4,Average,Pass
46.3,3.5,7.5,13.5,71.1,Good,Pass
22.5,6.8,6.6,7.7,47.7,At Risk,Fail
34.9,7.6,8.1,12.1,60.1,Average,Pass
60.0,6.1,7.7,12.9,86.7,Excellent,Pass
37.2,9.2,7.5,13.0,66.4,Good,Pass
50.3,5.2,7.1,11.7,74.5,Good,Pass
35.8,6.8,7.7,12.6,63.4,Average,Pass
41.1,6.4,7.5,18.4,75.7,Good,Pass
34.2,6.3,7.3,15.5,63.4,Average,Pass
33.0,6.3,6.4,12.0,60.3,Average,Pass
26.4,6.7,9.2,13.4,55.4,Average,Pass
39.4,7.8,5.9,13.5,66.0,Good,Pass
25.6,8.6,7.7,11.4,52.0,Average,Pass
42.0,6.5,6.8,11.4,63.1,Average,Pass
46.5,7.7,9.3,16.4,80.5,Excellent,Pass
38.8,5.4,6.1,12.4,66.9,Good,Pass
31.7,7.6,6.3,10.5,57.1,Average,Pass
39.7,5.4,6.0,13.5,65.9,Good,Pass
31.5,8.1,7.6,13.9,60.3,Average,Pass
44.9,9.8,5.6,8.1,67.9,Good,Pass
15.0,6.3,6.6,13.5,43.4,At Risk,Fail
31.2,3.2,4.6,16.0,59.1,Average,Pass
13.3,5.7,7.5,14.9,44.3,At Risk,Fail
18.7,8.3,6.6,19.8,55.1,Average,Pass
49.5,7.3,5.4,17.1,79.4,Good,Pass
44.5,6.9,8.5,17.7,77.9,Good,Pass
27.0,8.0,5.6,20.0,59.2,Average,Pass
18.6,7.2,8.2,15.7,46.8,At Risk,Fail
2.8,8.3,6.4,14.1,29.3,At Risk,Fail
28.9,7.9,9.1,16.3,62.4,Average,Pass
60.0,8.8,8.1,12.0,88.3,Excellent,Pass
39.5,7.0,6.0,13.9,63.5,Average,Pass
28.8,7.9,6.1,11.8,54.4,Average,Pass
39.8,6.0,7.9,14.7,67.9,Good,Pass
17.9,5.6,6.9,11.8,39.9,At Risk,Fail
31.6,9.1,7.0,11.7,58.6,Average,Pass
35.9,6.8,8.7,14.8,65.5,Good,Pass
33.9,7.7,6.3,13.2,59.9,Average,Pass
43.3,6.7,7.3,8.2,67.4,Good,Pass
38.5,5.6,8.3,9.5,58.2,Average,Pass
42.0,6.5,8.2,10.4,63.1,Average,Pass
27.4,8.7,7.0,11.1,54.2,Average,Pass
44.5,7.3,6.9,14.8,73.6,Good,Pass
52.4,3.9,5.1,14.2,76.5,Good,Pass
24.3,6.2,5.9,16.6,51.9,Average,Pass
25.2,9.2,7.6,15.7,55.8,Average,Pass
49.2,6.2,7.0,16.6,79.0,Good,Pass
32.7,3.8,7.3,15.3,58.2,Average,Pass
50.0,9.3,8.4,14.2,85.0,Excellent,Pass
30.0,7.5,5.8,16.7,59.3,Average,Pass
50.5,6.4,6.9,16.2,79.9,Good,Pass
36.2,5.9,7.4,14.7,69.2,Good,Pass
37.6,8.1,6.4,17.2,68.8,Good,Pass
51.7,5.7,8.9,7.0,74.4,Good,Pass
30.9,8.2,8.3,12.8,61.5,Average,Pass
24.6,7.3,7.5,12.7,53.7,Average,Pass
30.0,6.9,9.4,16.8,63.6,Average,Pass
39.7,6.7,5.4,18.0,70.2,Good,Pass
17.9,6.2,7.2,9.5,41.1,At Risk,Fail
41.7,8.1,7.6,17.6,73.8,Good,Pass
29.0,5.2,6.1,10.3,51.3,Average,Pass
47.2,4.1,7.6,10.4,73.3,Good,Pass
8.9,7.4,5.9,12.9,37.6,At Risk,Fail
26.3,7.4,8.0,12.7,55.1,Average,Pass
16.6,7.2,8.5,9.2,43.2,At Risk,Fail
25.9,7.1,7.5,15.4,54.2,Average,Pass
37.5,6.0,5.0,15.5,63.5,Average,Pass
32.9,7.7,6.0,16.6,65.0,Good,Pass
32.1,6.4,7.9,12.4,61.7,Average,Pass
33.1,5.8,7.2,13.5,58.0,Average,Pass
37.0,6.0,4.0,13.5,59.5,Average,Pass
23.9,9.5,8.7,18.3,64.8,Average,Pass
42.4,3.9,7.4,5.7,59.6,Average,Pass
42.0,7.2,6.2,10.9,70.0,Good,Pass
39.0,4.0,8.4,13.6,65.4,Good,Pass
40.8,6.3,6.4,10.6,64.6,Average,Pass
38.0,5.8,6.4,12.9,62.5,Average,Pass
56.8,3.4,7.6,13.2,82.9,Excellent,Pass
33.9,7.1,9.3,11.8,64.8,Average,Pass
31.5,5.9,9.1,13.8,58.3,Average,Pass
26.7,3.4,7.6,15.4,52.3,Average,Pass
23.7,7.8,7.8,12.9,53.9,Average,Pass
21.4,8.7,8.1,12.3,50.2,Average,Pass
25.2,8.7,5.7,13.1,51.8,Average,Pass
34.0,7.0,8.0,13.6,64.6,Average,Pass
38.4,6.6,6.3,8.7,62.2,Average,Pass
35.4,8.5,7.6,14.9,65.4,Good,Pass
26.5,9.0,6.9,12.3,55.2,Average,Pass
44.5,8.2,7.8,17.1,75.2,Good,Pass
42.8,5.1,7.3,15.3,68.7,Good,Pass
33.1,6.8,3.5,16.9,60.5,Average,Pass
27.7,7.2,7.4,10.8,53.2,Average,Pass
40.7,3.8,8.0,12.6,63.1,Average,Pass
36.8,7.2,7.7,10.1,60.5,Average,Pass
19.2,9.9,7.1,11.6,45.6,At Risk,Fail
34.1,7.5,9.2,17.1,68.7,Good,Pass
37.6,8.7,7.6,17.8,67.7,Good,Pass
25.1,6.8,7.7,10.4,47.9,At Risk,Fail
36.9,6.4,8.5,12.3,60.3,Average,Pass
19.1,7.1,7.6,13.4,48.0,At Risk,Fail
49.2,5.3,6.1,15.2,72.3,Good,Pass
48.3,5.1,4.3,8.7,66.3,Good,Pass
32.1,8.4,6.6,9.1,59.5,Average,Pass
38.7,8.6,8.1,15.0,73.7,Good,Pass
8.8,5.0,6.8,8.1,25.1,At Risk,Fail
22.3,8.0,8.2,12.3,51.4,Average,Pass
31.6,6.4,7.4,14.1,57.5,Average,Pass
23.2,7.0,8.7,14.8,51.4,Average,Pass
42.5,7.2,6.8,13.2,69.5,Good,Pass
56.4,8.0,7.8,12.6,87.2,Excellent,Pass
22.1,6.6,7.8,16.0,53.7,Average,Pass
25.8,8.6,9.0,14.4,56.3,Average,Pass
37.3,7.0,5.2,11.8,62.7,Average,Pass
52.2,7.4,6.6,13.7,75.5,Good,Pass
21.6,5.3,8.2,14.7,48.2,At Risk,Fail
37.5,9.7,9.1,18.4,73.0,Good,Pass
54.5,7.2,7.5,15.8,85.1,Excellent,Pass
17.0,7.6,6.8,17.0,48.0,At Risk,Fail
21.0,4.1,8.1,11.9,44.8,At Risk,Fail
30.2,5.3,8.2,12.1,55.5,Average,Pass
29.2,8.4,6.8,12.9,57.3,Average,Pass
43.6,6.9,7.6,13.2,72.4,Good,Pass
37.4,3.6,8.6,10.8,60.7,Average,Pass
15.6,8.1,9.5,17.1,49.7,At Risk,Fail
40.4,5.7,8.1,16.1,71.0,Good,Pass
28.6,8.6,7.3,12.7,58.8,Average,Pass
48.6,6.4,7.1,15.4,76.4,Good,Pass
28.0,6.8,7.9,14.2,56.8,Average,Pass
27.9,8.3,7.1,15.6,61.2,Average,Pass
40.6,5.2,7.4,9.8,60.9,Average,Pass
43.0,5.0,5.9,13.2,70.8,Good,Pass
39.6,6.2,8.8,13.4,65.4,Good,Pass
16.6,7.7,5.8,15.3,44.8,At Risk,Fail
40.6,4.5,6.7,11.8,61.7,Average,Pass
23.6,4.0,7.3,6.6,45.9,At Risk,Fail
37.3,7.7,9.6,10.6,64.2,Average,Pass
19.4,5.6,6.7,13.4,44.1,At Risk,Fail
39.6,5.9,6.4,13.8,65.0,Good,Pass
26.1,3.7,6.5,18.3,54.8,Average,Pass
20.9,5.5,9.2,15.2,50.2,Average,Pass
42.5,6.5,3.8,13.8,66.4,Good,Pass
37.4,7.9,6.0,13.5,57.8,Average,Pass
28.2,5.3,10.0,16.7,60.3,Average,Pass
50.5,9.0,7.9,11.9,79.4,Good,Pass
30.0,5.5,5.9,13.2,56.7,Average,Pass
35.1,5.5,7.1,10.6,60.9,Average,Pass
37.7,8.8,7.3,17.6,71.0,Good,Pass
28.1,6.8,8.2,14.7,59.5,Average,Pass
39.9,5.7,9.4,11.6,64.4,Average,Pass
29.0,6.3,7.7,13.3,57.8,Average,Pass
30.4,8.5,6.6,15.0,59.3,Average,Pass
49.5,8.7,8.1,12.9,76.9,Good,Pass
23.6,5.3,6.4,12.1,46.9,At Risk,Fail
8.7,6.4,6.0,11.8,35.7,At Risk,Fail
52.2,6.6,5.1,14.5,78.8,Good,Pass
60.0,5.0,5.3,12.6,85.9,Excellent,Pass
30.4,6.4,6.1,12.3,53.8,Average,Pass
13.9,6.5,5.8,9.9,38.1,At Risk,Fail
31.4,8.2,7.6,13.8,59.7,Average,Pass
31.7,8.3,5.8,13.1,59.3,Average,Pass
32.7,6.0,3.4,12.7,55.3,Average,Pass
22.8,6.2,5.9,14.2,50.4,Average,Pass
41.1,7.5,6.6,15.7,71.4,Good,Pass
40.5,5.6,6.5,15.6,66.6,Good,Pass
18.7,7.4,9.0,15.1,52.0,Average,Pass
42.4,6.4,6.5,12.9,71.6,Good,Pass
57.0,5.0,8.3,12.0,81.1,Excellent,Pass
36.7,5.1,7.2,10.7,55.9,Average,Pass
31.2,8.7,7.1,11.9,59.9,Average,Pass
33.3,6.3,6.2,13.7,58.7,Average,Pass
41.4,9.0,7.1,11.4,68.7,Good,Pass
16.1,5.7,6.3,13.9,43.1,At Risk,Fail
36.6,6.9,7.4,10.9,60.9,Average,Pass
30.6,10.0,6.9,8.9,55.9,Average,Pass
54.8,4.9,6.1,15.9,81.4,Excellent,Pass
32.9,3.7,8.4,12.3,60.2,Average,Pass
52.8,8.4,7.7,11.3,80.3,Excellent,Pass
22.9,5.3,6.7,10.5,42.9,At Risk,Fail
41.1,6.5,7.4,14.8,67.4,Good,Pass
38.2,5.6,7.1,17.4,68.7,Good,Pass
25.4,6.9,6.2,12.5,48.7,At Risk,Fail
36.7,5.1,7.3,13.0,58.9,Average,Pass
47.9,6.2,6.5,16.6,78.5,Good,Pass
31.3,7.2,6.1,8.5,54.4,Average,Pass
16.5,5.0,5.3,19.1,45.1,At Risk,Fail
34.6,5.4,6.8,20.0,67.4,Good,Pass
25.1,6.0,7.9,6.0,45.3,At Risk,Fail
31.1,4.4,6.4,13.3,56.4,Average,Pass
33.9,5.9,10.0,11.6,62.6,Average,Pass
16.4,6.7,8.3,12.9,39.0,At Risk,Fail
17.4,5.9,8.8,12.4,44.0,At Risk,Fail
40.0,6.1,8.2,15.9,71.2,Good,Pass
29.2,6.5,9.4,13.3,57.5,Average,Pass
7.1,5.5,6.3,11.0,30.0,At Risk,Fail
43.3,7.5,4.1,13.1,69.6,Good,Pass
37.7,8.7,6.7,15.0,68.3,Good,Pass
27.1,5.8,7.9,10.3,54.1,Average,Pass
20.6,7.2,7.4,9.0,46.4,At Risk,Fail
43.8,6.1,7.5,19.2,76.4,Good,Pass
38.6,7.0,8.8,11.8,65.8,Good,Pass
60.0,8.8,7.7,13.2,84.0,Excellent,Pass
39.3,7.3,8.2,12.5,66.6,Good,Pass
39.0,3.8,6.1,15.1,61.3,Average,Pass
33.0,7.2,5.9,18.6,65.1,Good,Pass
43.6,8.3,9.1,15.2,76.6,Good,Pass
41.6,6.2,7.3,9.3,65.8,Good,Pass
48.3,8.0,6.5,9.7,75.3,Good,Pass
29.2,5.5,6.5,12.5,53.5,Average,Pass
30.1,4.3,6.4,12.8,58.2,Average,Pass
29.6,6.7,6.3,8.8,51.9,Average,Pass
43.3,3.9,5.7,15.9,66.1,Good,Pass
51.0,6.1,5.4,10.6,72.0,Good,Pass
29.8,8.4,7.0,17.8,62.3,Average,Pass
30.2,3.6,6.5,18.7,60.2,Average,Pass
38.2,4.6,8.5,12.9,62.3,Average,Pass
32.1,5.0,7.6,14.8,58.9,Average,Pass
45.1,6.4,7.5,10.2,68.8,Good,Pass
10.5,6.0,6.3,15.3,37.2,At Risk,Fail
25.9,8.6,7.1,12.2,55.4,Average,Pass
26.3,7.9,7.6,10.6,53.8,Average,Pass
9.7,7.2,8.1,12.8,40.2,At Risk,Fail
24.4,6.7,7.1,12.3,49.8,At Risk,Fail
24.9,7.1,8.5,12.7,55.6,Average,Pass
32.6,5.2,7.2,16.3,58.6,Average,Pass
46.8,7.8,8.2,11.4,71.4,Good,Pass
32.2,4.8,6.6,18.5,59.6,Average,Pass
23.7,7.8,5.0,9.9,46.4,At Risk,Fail
34.2,8.3,7.5,18.1,70.5,Good,Pass
46.1,6.8,8.1,10.8,70.6,Good,Pass
24.3,6.2,7.9,13.6,51.0,Average,Pass
25.0,7.1,7.7,12.2,51.6,Average,Pass
40.8,2.2,6.8,12.6,63.6,Average,Pass
32.4,7.0,6.2,15.8,60.5,Average,Pass
41.8,6.3,7.9,17.8,72.7,Good,Pass
34.7,6.4,7.7,16.9,63.0,Average,Pass
42.4,7.6,6.5,12.5,67.8,Good,Pass
23.6,6.4,8.5,14.1,55.0,Average,Pass
34.7,4.8,6.1,11.4,57.2,Average,Pass
32.5,6.3,6.5,10.8,54.7,Average,Pass
21.7,6.6,9.2,10.4,50.3,Average,Pass
17.9,6.7,8.2,12.4,44.0,At Risk,Fail
42.2,6.7,6.8,14.3,72.9,Good,Pass
31.0,8.1,7.5,8.2,57.7,Average,Pass
23.8,4.9,7.4,13.5,49.6,At Risk,Fail
33.8,6.8,3.9,17.8,59.3,Average,Pass
47.0,8.4,6.1,16.7,82.9,Excellent,Pass
10.2,3.9,7.1,12.0,33.9,At Risk,Fail
18.6,6.8,6.8,9.7,41.2,At Risk,Fail
24.8,5.6,7.5,14.9,54.8,Average,Pass
50.6,5.9,8.6,7.1,73.6,Good,Pass
37.9,5.1,6.8,16.7,69.1,Good,Pass
43.1,6.2,5.9,13.0,66.9,Good,Pass
22.5,9.3,7.6,18.7,58.7,Average,Pass
22.7,4.6,6.8,8.8,40.5,At Risk,Fail
39.6,4.7,7.0,16.2,68.9,Good,Pass
35.4,4.5,6.8,13.3,60.1,Average,Pass
40.7,9.1,9.9,12.7,72.9,Good,Pass
32.8,5.8,4.5,9.8,52.6,Average,Pass
37.8,6.5,6.7,15.3,65.8,Good,Pass
36.5,5.9,7.2,15.5,63.4,Average,Pass
43.2,5.1,6.3,18.6,74.7,Good,Pass
43.5,6.1,8.3,16.4,77.3,Good,Pass
17.3,10.0,8.2,11.9,46.3,At Risk,Fail
10.5,8.6,7.1,10.8,38.2,At Risk,Fail
45.6,5.2,6.9,9.8,68.3,Good,Pass
47.6,7.5,7.1,17.7,79.9,Good,Pass
23.8,5.3,7.1,11.4,44.5,At Risk,Fail
14.7,3.8,7.1,17.7,40.8,At Risk,Fail
35.9,8.0,7.0,15.1,64.4,Average,Pass
44.9,8.2,7.5,14.5,70.8,Good,Pass
54.2,8.1,8.1,12.7,85.9,Excellent,Pass
40.4,5.8,5.7,15.4,68.1,Good,Pass
30.8,6.2,5.9,13.6,56.5,Average,Pass
25.2,7.6,5.1,12.6,46.1,At Risk,Fail
34.9,7.1,8.2,15.5,62.2,Average,Pass
31.6,5.9,7.5,13.2,58.2,Average,Pass
23.8,4.1,7.8,11.4,51.0,Average,Pass
56.9,6.7,5.5,15.3,83.0,Excellent,Pass
54.1,8.1,9.3,13.4,86.7,Excellent,Pass
47.1,4.7,6.5,15.0,72.3,Good,Pass
24.9,7.5,7.4,12.3,52.2,Average,Pass
44.0,7.0,8.2,10.2,71.9,Good,Pass
41.7,7.6,6.0,18.5,73.1,Good,Pass
39.6,7.8,6.5,17.9,70.5,Good,Pass
48.3,5.5,7.4,16.1,80.1,Excellent,Pass
41.7,4.1,10.0,12.5,68.3,Good,Pass
42.8,5.7,7.6,12.8,71.0,Good,Pass
41.7,7.8,9.1,17.5,74.7,Good,Pass
38.5,5.7,8.6,12.6,68.2,Good,Pass
15.5,5.5,7.6,11.8,41.0,At Risk,Fail
35.7,3.8,6.0,18.8,65.2,Good,Pass
28.8,9.1,8.5,13.5,60.1,Average,Pass
21.0,7.7,5.4,18.6,51.7,Average,Pass
53.0,7.7,9.1,9.7,79.4,Good,Pass
53.5,8.0,7.4,15.1,83.0,Excellent,Pass
49.5,7.4,4.0,19.4,82.2,Excellent,Pass
37.6,6.1,6.8,13.7,63.8,Average,Pass
49.4,6.3,8.0,12.9,73.5,Good,Pass
34.9,5.9,6.9,10.3,54.7,Average,Pass
37.0,10.0,8.1,16.6,68.2,Good,Pass
23.0,7.3,6.2,11.4,49.2,At Risk,Fail
39.1,5.8,5.6,13.3,61.6,Average,Pass
35.5,7.2,7.1,10.1,60.5,Average,Pass
20.7,5.0,7.2,18.0,51.2,Average,Pass
34.2,8.8,6.8,16.8,66.5,Good,Pass
33.9,5.5,8.7,13.5,62.5,Average,Pass
54.2,7.3,6.2,10.4,78.3,Good,Pass
44.5,8.1,7.6,17.9,72.6,Good,Pass
34.9,7.1,7.3,12.6,61.2,Average,Pass
37.5,6.6,5.3,10.5,60.8,Average,Pass
35.3,6.5,5.6,8.7,59.4,Average,Pass
32.6,6.4,7.2,11.8,61.4,Average,Pass
23.1,5.6,9.6,9.5,45.1,At Risk,Fail
33.2,5.8,7.9,11.9,58.0,Average,Pass
26.7,8.7,5.1,15.7,53.1,Average,Pass
21.3,6.3,3.5,12.5,46.7,At Risk,Fail
40.3,5.3,8.1,14.6,70.3,Good,Pass
39.0,5.7,7.1,11.6,64.1,Average,Pass
15.5,8.2,8.6,13.8,46.3,At Risk,Fail
33.5,7.5,6.1,19.0,68.9,Good,Pass
45.6,7.3,7.6,12.6,75.6,Good,Pass
46.2,6.1,8.2,14.7,77.6,Good,Pass
45.9,7.4,6.7,9.2,70.0,Good,Pass
35.2,5.5,6.7,17.9,64.6,Average,Pass
25.7,6.1,7.2,12.3,52.8,Average,Pass
23.1,8.0,7.9,16.5,57.1,Average,Pass
38.5,7.8,7.2,13.3,66.4,Good,Pass
38.9,5.0,8.4,15.3,66.9,Good,Pass
48.7,5.2,6.6,15.5,78.3,Good,Pass
46.7,6.7,5.6,12.3,74.6,Good,Pass
33.4,9.1,9.6,16.7,67.2,Good,Pass
21.4,3.6,6.5,11.5,42.4,At Risk,Fail
31.4,6.9,6.5,15.8,61.3,Average,Pass
37.1,4.4,7.1,12.5,62.2,Average,Pass
32.6,5.5,7.3,14.6,59.0,Average,Pass
28.6,6.0,6.7,12.3,57.3,Average,Pass
37.5,5.9,7.2,13.7,65.2,Good,Pass
29.4,5.7,7.2,10.6,53.9,Average,Pass
28.0,6.5,7.4,14.3,59.7,Average,Pass
38.2,5.7,4.4,13.7,61.1,Average,Pass
30.5,4.3,9.5,12.1,56.1,Average,Pass
37.4,7.7,7.0,13.4,63.1,Average,Pass
37.8,7.6,7.9,14.0,66.9,Good,Pass
22.5,7.8,5.5,11.9,44.7,At Risk,Fail
29.6,4.2,6.6,13.2,55.2,Average,Pass
50.3,6.9,6.4,10.8,75.3,Good,Pass
22.2,7.5,9.0,20.0,58.2,Average,Pass
11.9,5.0,6.5,16.6,39.8,At Risk,Fail
14.7,6.5,8.1,14.4,45.2,At Risk,Fail
35.1,6.3,6.4,16.9,62.5,Average,Pass
35.1,9.3,6.7,8.1,59.5,Average,Pass
33.5,9.4,6.9,6.4,57.7,Average,Pass
47.9,4.0,8.7,12.5,69.6,Good,Pass
5.9,10.0,4.9,9.7,32.0,At Risk,Fail
39.1,5.1,5.6,12.9,59.4,Average,Pass
51.7,8.0,4.9,14.2,78.4,Good,Pass
22.6,8.0,5.9,16.2,50.3,Average,Pass
30.7,5.0,6.2,10.4,55.2,Average,Pass
26.7,7.2,5.3,14.7,51.6,Average,Pass
25.1,6.3,6.3,13.6,48.1,At Risk,Fail
31.3,7.3,4.8,14.6,58.2,Average,Pass
50.2,6.8,6.0,12.1,74.4,Good,Pass
54.6,8.3,8.6,17.5,86.0,Excellent,Pass
31.2,6.6,7.7,13.3,59.8,Average,Pass
55.4,6.2,7.4,18.6,83.6,Excellent,Pass
35.2,8.1,6.0,11.4,58.6,Average,Pass
53.7,7.4,5.4,15.7,81.0,Excellent,Pass
33.8,7.6,5.8,13.4,62.3,Average,Pass
36.2,5.5,7.1,12.7,64.1,Average,Pass
38.7,4.9,8.2,15.4,69.5,Good,Pass
60.0,5.6,8.3,12.8,86.4,Excellent,Pass
44.0,5.6,8.0,6.1,58.8,Average,Pass
27.2,7.7,6.3,5.0,47.0,At Risk,Fail
45.3,8.0,7.2,17.2,80.6,Excellent,Pass
30.9,6.3,6.8,17.0,63.5,Average,Pass
29.5,8.6,7.0,18.9,64.9,Average,Pass
44.6,8.6,9.6,13.6,74.0,Good,Pass
35.1,6.9,5.1,10.0,56.0,Average,Pass
37.8,5.3,6.9,12.4,66.3,Good,Pass
35.0,8.9,8.7,13.6,63.3,Average,Pass
38.4,6.4,5.4,10.8,58.8,Average,Pass
39.4,6.7,6.4,18.2,72.6,Good,Pass
13.9,6.0,6.6,19.9,45.4,At Risk,Fail
42.0,5.2,6.9,14.9,66.7,Good,Pass
24.2,4.3,5.3,13.6,50.4,Average,Pass
19.2,7.4,7.9,10.0,45.5,At Risk,Fail
34.2,5.3,8.0,17.9,64.7,Average,Pass
35.7,10.0,7.8,13.8,65.0,Good,Pass
27.3,4.9,6.2,12.8,55.2,Average,Pass
43.8,4.6,7.3,14.9,70.6,Good,Pass
20.3,7.3,6.1,12.0,48.4,At Risk,Fail
30.4,8.8,6.8,14.0,61.8,Average,Pass
28.5,6.6,9.8,9.6,53.4,Average,Pass
34.3,7.4,7.3,16.6,64.6,Average,Pass
37.8,3.7,5.8,13.3,63.5,Average,Pass
23.9,5.5,7.4,16.8,56.6,Average,Pass
42.6,4.9,5.6,13.0,62.4,Average,Pass
35.5,3.7,5.8,13.2,59.2,Average,Pass
14.4,6.7,6.0,10.2,37.0,At Risk,Fail
13.6,3.1,6.7,15.7,37.1,At Risk,Fail
34.7,4.5,8.3,11.1,59.2,Average,Pass
32.4,5.7,7.9,12.2,55.5,Average,Pass
33.7,5.3,7.8,13.6,59.4,Average,Pass
34.5,7.1,5.9,13.9,59.8,Average,Pass
37.2,7.0,6.6,8.8,58.6,Average,Pass
45.0,7.8,7.5,13.0,73.2,Good,Pass
22.8,7.6,6.4,15.8,50.7,Average,Pass
22.1,8.2,6.9,12.5,52.9,Average,Pass
23.0,6.5,7.7,13.0,51.2,Average,Pass
37.9,7.0,6.8,14.1,69.3,Good,Pass
48.2,7.3,7.5,13.2,75.9,Good,Pass
30.1,6.7,9.1,10.7,55.6,Average,Pass
7.8,5.9,7.0,13.5,37.7,At Risk,Fail
16.4,6.0,8.6,16.4,46.2,At Risk,Fail
25.8,5.3,7.9,10.7,49.2,At Risk,Fail
28.8,7.1,5.4,12.6,55.3,Average,Pass
30.4,6.4,5.9,9.7,49.9,At Risk,Fail
35.2,5.5,6.2,16.2,64.6,Average,Pass
31.4,5.5,6.2,13.3,57.6,Average,Pass
46.1,4.7,7.1,11.2,71.7,Good,Pass
27.5,8.0,7.9,13.9,59.0,Average,Pass
25.5,6.6,8.7,10.2,53.6,Average,Pass
40.0,5.2,7.6,10.7,63.2,Average,Pass
18.2,7.7,6.7,9.5,40.4,At Risk,Fail
39.0,5.7,4.7,10.6,64.2,Average,Pass
35.9,4.4,7.3,17.4,61.9,Average,Pass
33.2,8.0,7.2,11.5,57.2,Average,Pass
52.0,5.7,7.4,14.9,81.1,Excellent,Pass
28.1,5.9,9.7,11.3,58.2,Average,Pass
57.1,6.6,8.7,15.7,88.4,Excellent,Pass
32.4,8.2,8.1,10.7,61.4,Average,Pass
21.0,6.5,6.0,13.7,43.3,At Risk,Fail
35.6,4.7,6.6,13.7,59.6,Average,Pass
23.2,7.3,7.1,20.0,53.8,Average,Pass
26.7,5.8,6.3,15.4,55.6,Average,Pass
39.1,9.3,7.8,11.9,65.1,Good,Pass
40.8,6.5,7.6,15.5,67.9,Good,Pass
28.1,3.1,5.9,19.6,57.7,Average,Pass
45.5,7.0,8.6,9.0,72.3,Good,Pass
47.3,9.4,7.3,11.2,75.0,Good,Pass
50.3,8.9,5.1,12.9,78.4,Good,Pass
40.5,9.2,7.1,12.4,70.4,Good,Pass
49.5,5.0,7.5,12.7,74.3,Good,Pass
14.5,7.9,8.4,9.9,38.5,At Risk,Fail
31.4,5.4,6.8,17.5,62.2,Average,Pass
25.4,6.8,8.2,9.6,51.3,Average,Pass
36.1,4.6,7.4,13.0,62.9,Average,Pass
28.6,5.5,5.6,16.5,56.9,Average,Pass
33.0,5.5,5.5,13.5,55.2,Average,Pass
55.1,7.8,8.5,10.9,83.8,Excellent,Pass
33.0,7.7,8.6,9.8,59.1,Average,Pass
39.3,6.9,7.6,13.0,65.8,Good,Pass
32.3,4.5,9.0,11.5,56.7,Average,Pass
35.6,6.0,8.5,14.2,62.9,Average,Pass
34.9,5.4,8.0,9.7,59.7,Average,Pass
39.6,7.8,6.1,15.9,66.6,Good,Pass
47.4,8.3,9.3,13.9,76.9,Good,Pass
52.6,8.1,7.8,14.1,82.0,Excellent,Pass
38.1,5.4,6.7,17.6,71.1,Good,Pass
41.2,2.4,6.4,12.4,64.4,Average,Pass
22.4,3.8,7.5,11.6,42.0,At Risk,Fail
33.9,8.6,5.2,12.1,62.4,Average,Pass
45.0,5.9,8.0,13.1,74.7,Good,Pass
44.2,5.4,6.1,13.3,66.6,Good,Pass
37.1,9.0,7.6,11.3,59.9,Average,Pass
44.4,8.4,6.6,7.9,67.1,Good,Pass
40.1,6.5,6.9,12.0,67.8,Good,Pass
47.8,6.1,6.3,14.6,77.9,Good,Pass
37.9,6.3,7.0,14.0,63.5,Average,Pass
31.0,6.8,9.5,17.0,67.7,Good,Pass
38.4,8.9,8.9,19.1,70.8,Good,Pass
3.1,7.1,7.6,15.7,32.9,At Risk,Fail
38.9,7.6,7.2,17.5,70.3,Good,Pass
0.0,8.3,8.2,15.7,34.5,At Risk,Fail
16.2,4.7,8.6,18.4,50.5,Average,Pass
39.7,7.6,6.2,18.8,74.2,Good,Pass
40.0,6.1,7.1,16.3,66.7,Good,Pass
22.2,2.7,5.0,15.6,47.3,At Risk,Fail
27.1,3.3,8.5,13.0,53.0,Average,Pass
49.6,5.0,9.7,13.5,74.4,Good,Pass
29.6,7.3,7.3,12.7,52.7,Average,Pass
59.0,6.7,4.6,15.3,87.8,Excellent,Pass
34.8,6.8,7.9,11.6,60.7,Average,Pass
39.2,9.4,6.1,13.1,65.2,Good,Pass
52.3,4.6,6.4,7.0,69.9,Good,Pass
36.2,6.5,8.0,18.4,69.8,Good,Pass
24.0,7.0,7.5,13.0,51.3,Average,Pass
33.6,5.4,6.6,14.9,57.4,Average,Pass
34.4,6.5,6.4,17.7,68.8,Good,Pass
20.1,4.1,7.4,14.4,48.0,At Risk,Fail
32.0,8.6,6.7,17.6,64.3,Average,Pass
26.8,5.5,5.9,10.1,47.7,At Risk,Fail
44.8,9.5,6.8,20.0,81.9,Excellent,Pass
35.2,6.5,7.6,16.6,63.6,Average,Pass
31.7,8.0,7.0,14.2,61.6,Average,Pass
33.7,6.4,5.5,17.6,60.5,Average,Pass
37.2,6.5,8.4,10.3,62.2,Average,Pass
41.5,5.6,3.9,12.8,61.5,Average,Pass
24.0,6.7,6.7,17.6,52.8,Average,Pass
23.6,7.0,6.5,8.4,48.6,At Risk,Fail
46.7,5.3,7.4,15.2,74.7,Good,Pass
30.3,6.3,7.9,15.1,60.0,Average,Pass
19.5,5.6,8.6,19.1,48.7,At Risk,Fail
39.6,9.9,6.3,9.2,63.9,Average,Pass
39.8,6.4,7.9,18.1,73.1,Good,Pass
18.3,8.8,7.4,12.0,46.9,At Risk,Fail
37.3,6.2,5.1,12.3,56.7,Average,Pass
42.7,6.9,9.5,10.2,69.7,Good,Pass
38.8,4.5,5.5,10.6,60.1,Average,Pass
41.6,5.8,7.7,14.7,72.5,Good,Pass
19.6,6.8,7.7,10.5,43.3,At Risk,Fail
38.4,8.9,7.5,15.7,66.0,Good,Pass
31.5,6.8,6.6,11.7,54.7,Average,Pass
29.6,8.6,8.2,10.2,54.4,Average,Pass
44.2,7.5,5.3,12.1,70.6,Good,Pass
50.8,8.9,7.1,14.5,75.9,Good,Pass
54.2,6.4,6.5,12.8,79.0,Good,Pass
49.0,10.0,6.4,13.7,81.9,Excellent,Pass
33.6,5.8,7.7,15.5,62.7,Average,Pass
38.6,5.4,8.5,16.6,70.9,Good,Pass
43.1,4.7,6.8,12.7,64.0,Average,Pass
36.1,10.0,8.1,10.7,61.7,Average,Pass
36.2,7.7,7.3,13.8,67.9,Good,Pass
43.7,6.0,6.1,14.9,70.9,Good,Pass
34.2,8.4,6.9,9.5,59.1,Average,Pass
26.9,7.5,6.8,11.1,50.2,Average,Pass
30.3,9.4,6.4,11.6,57.9,Average,Pass
41.6,4.2,7.7,13.0,64.3,Average,Pass
34.8,6.1,7.5,11.5,62.3,Average,Pass
38.5,5.8,5.3,15.6,70.6,Good,Pass
42.0,3.5,5.2,9.1,60.9,Average,Pass
30.8,8.1,7.7,9.2,54.5,Average,Pass
43.0,6.1,6.2,12.7,62.9,Average,Pass
38.9,7.6,7.6,13.1,63.8,Average,Pass
21.5,10.0,8.1,9.5,52.2,Average,Pass
50.4,6.0,5.7,11.9,71.9,Good,Pass
29.4,5.9,5.5,12.5,52.5,Average,Pass
16.9,6.7,9.2,12.5,46.6,At Risk,Fail
23.5,8.0,7.6,14.0,56.1,Average,Pass
23.8,5.6,6.7,11.7,47.5,At Risk,Fail
35.4,5.6,6.1,17.7,63.9,Average,Pass
31.8,8.1,6.6,15.0,61.6,Average,Pass
31.2,7.1,5.8,11.3,54.1,Average,Pass
41.5,3.4,8.3,13.9,65.9,Good,Pass
38.5,4.7,6.3,13.9,64.2,Average,Pass
38.2,8.8,8.5,17.0,72.8,Good,Pass
39.2,7.1,6.7,11.9,69.2,Good,Pass
41.5,5.4,5.9,15.7,69.4,Good,Pass
12.0,6.2,6.7,13.7,41.0,At Risk,Fail
30.9,6.5,4.1,17.8,57.1,Average,Pass
11.3,7.6,7.1,17.2,44.2,At Risk,Fail
35.2,4.5,7.0,14.2,59.4,Average,Pass
34.7,5.2,8.2,12.9,61.8,Average,Pass
46.1,6.9,4.9,15.0,74.3,Good,Pass
47.6,6.4,8.6,13.1,75.8,Good,Pass
37.0,7.4,8.2,18.3,75.7,Good,Pass
29.4,4.7,8.7,13.8,59.4,Average,Pass
40.0,7.0,7.1,12.5,69.0,Good,Pass
29.1,8.1,8.4,12.3,59.5,Average,Pass
34.8,7.2,5.4,10.2,61.2,Average,Pass
45.5,6.7,8.1,15.2,72.5,Good,Pass
28.8,6.4,6.3,11.3,55.5,Average,Pass
43.5,5.2,5.2,16.7,68.7,Good,Pass
42.1,6.4,5.9,10.0,63.2,Average,Pass
24.5,8.4,7.2,14.0,55.2,Average,Pass
45.3,6.3,6.2,16.8,77.1,Good,Pass
42.3,5.2,7.7,7.6,60.4,Average,Pass
35.9,5.8,5.0,19.3,64.9,Average,Pass
26.6,6.8,4.6,12.4,50.6,Average,Pass
25.5,5.9,8.8,14.0,53.9,Average,Pass
29.0,7.2,8.3,15.2,61.4,Average,Pass
40.7,7.3,5.9,15.6,76.4,Good,Pass
24.5,7.8,7.2,14.4,54.7,Average,Pass
39.5,8.6,8.4,16.4,71.5,Good,Pass
21.4,8.0,7.7,15.1,49.5,At Risk,Fail
32.6,5.1,7.4,18.5,63.0,Average,Pass
36.0,5.1,8.5,15.1,62.8,Average,Pass
60.0,6.4,6.3,19.1,92.7,Excellent,Pass
19.9,5.8,7.2,16.1,50.0,Average,Pass
50.7,4.8,7.2,8.5,70.3,Good,Pass
36.4,5.8,6.9,20.0,73.1,Good,Pass
39.2,5.8,6.7,12.0,62.3,Average,Pass
36.1,5.5,7.3,17.8,66.4,Good,Pass
39.6,6.0,7.2,13.7,67.8,Good,Pass
33.1,8.3,5.9,16.6,65.7,Good,Pass
50.5,6.8,8.2,11.7,79.7,Good,Pass
29.9,10.0,6.0,15.4,62.1,Average,Pass
47.0,6.8,6.9,12.9,75.7,Good,Pass
27.8,6.1,6.8,18.0,57.4,Average,Pass
34.1,6.5,7.6,14.8,64.9,Average,Pass
23.2,6.9,4.7,16.2,52.8,Average,Pass
39.7,7.2,8.3,7.5,65.7,Good,Pass
50.4,9.6,6.4,13.4,76.4,Good,Pass
34.0,5.2,8.7,14.7,60.8,Average,Pass
32.7,7.8,6.6,14.2,63.0,Average,Pass
22.8,6.8,7.1,16.3,47.7,At Risk,Fail
32.3,4.1,9.5,12.6,59.5,Average,Pass
17.6,7.7,6.9,13.7,48.0,At Risk,Fail
24.9,8.4,8.7,16.9,57.8,Average,Pass
37.2,5.2,7.2,7.2,56.1,Average,Pass
49.0,6.5,7.7,15.3,76.3,Good,Pass
60.0,3.9,7.3,12.7,82.8,Excellent,Pass
28.5,4.6,8.2,11.0,51.4,Average,Pass
50.3,8.1,6.4,14.5,77.9,Good,Pass
37.4,5.8,6.0,17.0,64.8,Average,Pass
33.2,4.8,6.4,16.5,60.4,Average,Pass
39.5,6.8,7.3,13.2,66.3,Good,Pass
35.5,5.7,6.9,16.1,67.9,Good,Pass
36.0,5.8,8.1,16.0,65.1,Good,Pass
30.4,7.6,8.8,13.4,60.8,Average,Pass
19.7,4.8,6.0,11.7,41.0,At Risk,Fail
18.1,5.1,6.3,11.8,40.2,At Risk,Fail
41.9,6.7,5.5,15.9,66.6,Good,Pass
31.8,8.0,9.6,13.5,59.7,Average,Pass
28.4,8.4,7.6,10.7,52.5,Average,Pass
34.9,5.5,7.8,8.9,57.4,Average,Pass
43.4,7.9,5.6,15.9,75.0,Good,Pass
36.7,5.3,7.2,12.1,57.8,Average,Pass
27.7,9.2,7.8,14.5,58.2,Average,Pass
48.0,4.8,6.9,17.1,74.1,Good,Pass
51.9,8.5,8.5,9.9,78.2,Good,Pass
40.1,5.5,10.0,13.5,71.3,Good,Pass
45.3,9.5,6.1,13.1,73.1,Good,Pass
48.2,7.4,6.0,14.7,76.1,Good,Pass
47.0,5.0,6.1,17.1,78.1,Good,Pass
41.4,5.7,9.1,9.9,67.1,Good,Pass
41.3,7.7,8.5,15.2,71.1,Good,Pass
40.4,8.1,7.0,16.5,72.3,Good,Pass
22.9,6.4,7.2,13.1,48.0,At Risk,Fail
42.4,6.6,6.2,13.2,69.2,Good,Pass
20.2,7.6,8.3,14.8,51.9,Average,Pass
26.2,6.7,6.7,14.6,51.5,Average,Pass
48.9,4.6,6.9,15.2,75.9,Good,Pass
43.9,5.3,7.9,15.2,72.0,Good,Pass
50.9,6.9,7.0,10.9,76.6,Good,Pass
31.9,8.3,6.9,16.4,65.1,Good,Pass
22.4,8.9,7.2,16.9,56.3,Average,Pass
32.2,7.7,8.2,14.1,61.5,Average,Pass
35.9,6.9,9.2,9.4,63.3,Average,Pass
35.7,7.6,7.9,13.3,62.7,Average,Pass
47.0,5.5,8.2,14.1,72.2,Good,Pass
30.9,6.3,7.0,10.4,48.1,At Risk,Fail
38.6,5.3,6.4,12.6,62.7,Average,Pass
24.1,4.6,8.0,9.7,44.7,At Risk,Fail
39.7,7.0,7.4,15.3,70.2,Good,Pass
34.8,6.8,5.5,14.1,57.2,Average,Pass
26.7,7.5,6.8,9.0,48.7,At Risk,Fail
32.3,7.3,7.1,14.6,62.2,Average,Pass
32.8,6.9,6.6,13.4,57.6,Average,Pass
31.9,7.3,9.0,15.0,64.1,Average,Pass
53.9,6.4,7.8,12.5,79.5,Good,Pass
33.7,7.1,8.8,11.4,61.0,Average,Pass
32.2,5.4,7.5,11.4,57.7,Average,Pass
12.1,7.1,7.3,12.1,40.5,At Risk,Fail
25.1,7.5,6.1,13.7,52.6,Average,Pass
32.0,5.5,7.2,14.0,57.1,Average,Pass
27.4,6.6,7.2,13.1,53.3,Average,Pass
49.7,5.6,5.6,12.4,74.5,Good,Pass
33.0,5.7,6.6,12.6,55.9,Average,Pass
48.7,4.8,6.8,20.0,80.0,Excellent,Pass
35.5,8.4,7.7,11.4,62.2,Average,Pass
35.2,8.1,7.8,12.0,62.9,Average,Pass
33.8,7.3,6.5,20.0,65.6,Good,Pass
34.8,9.5,7.8,14.8,63.1,Average,Pass
53.4,6.2,7.0,9.7,77.3,Good,Pass
9.7,10.0,3.8,16.0,41.4,At Risk,Fail
13.2,6.2,6.6,11.1,33.4,At Risk,Fail
28.9,6.9,8.5,16.1,61.2,Average,Pass
35.0,5.9,5.2,13.0,61.2,Average,Pass
42.3,7.1,7.3,12.4,70.2,Good,Pass
39.9,7.8,9.1,18.1,74.0,Good,Pass
30.7,6.3,6.3,15.2,56.6,Average,Pass
45.8,9.2,7.2,16.3,78.7,Good,Pass
45.9,6.9,5.6,14.8,73.7,Good,Pass
36.8,6.9,9.2,12.4,65.4,Good,Pass
45.2,5.1,7.1,15.3,72.4,Good,Pass
37.7,7.1,7.3,17.0,66.9,Good,Pass
28.7,6.3,8.8,14.0,58.7,Average,Pass
42.3,5.6,8.0,18.6,75.5,Good,Pass
36.0,5.3,6.1,16.0,63.9,Average,Pass
34.8,10.0,6.4,14.2,65.7,Good,Pass
50.7,6.1,7.8,14.3,82.3,Excellent,Pass
8.3,4.3,6.5,14.0,31.8,At Risk,Fail
19.5,5.5,4.7,10.1,42.3,At Risk,Fail
22.0,6.4,7.1,13.3,47.4,At Risk,Fail
30.9,7.3,5.4,14.2,60.1,Average,Pass
32.1,7.3,9.1,12.4,63.4,Average,Pass
18.5,7.5,7.4,14.5,47.4,At Risk,Fail
24.2,5.5,6.1,13.7,52.8,Average,Pass
25.5,7.0,6.4,15.8,55.6,Average,Pass
60.0,5.2,4.9,15.5,83.8,Excellent,Pass
54.3,5.6,5.9,14.1,79.0,Good,Pass
30.4,5.1,8.4,9.8,55.9,Average,Pass
30.9,4.7,9.9,18.6,65.9,Good,Pass
22.4,8.1,8.1,13.2,49.6,At Risk,Fail
14.2,7.5,7.1,13.4,41.9,At Risk,Fail
33.5,8.0,6.7,12.6,61.2,Average,Pass
24.0,6.6,6.1,12.2,47.9,At Risk,Fail
33.9,7.7,9.7,17.9,73.9,Good,Pass
17.5,3.9,7.0,17.5,46.3,At Risk,Fail
26.6,7.8,9.7,14.8,58.8,Average,Pass
36.4,6.8,8.9,13.3,67.7,Good,Pass
38.8,7.4,5.1,15.3,65.9,Good,Pass
39.3,7.1,6.4,13.8,68.6,Good,Pass
20.5,5.0,6.4,13.1,41.7,At Risk,Fail
44.0,4.3,7.1,14.5,69.0,Good,Pass
26.2,5.4,7.1,12.4,53.2,Average,Pass
41.6,7.3,10.0,14.3,76.4,Good,Pass
34.7,7.5,5.9,14.2,60.8,Average,Pass
19.9,4.4,7.5,15.3,45.4,At Risk,Fail
31.4,5.0,7.9,11.9,57.4,Average,Pass
38.7,5.4,7.2,15.6,65.7,Good,Pass
41.4,6.0,7.3,11.1,65.2,Good,Pass
33.3,4.5,5.9,12.0,57.4,Average,Pass
51.3,4.4,7.3,12.1,74.1,Good,Pass
45.7,5.3,7.8,10.6,65.4,Good,Pass
32.0,6.6,7.6,16.4,60.1,Average,Pass
42.9,4.7,7.9,10.9,66.4,Good,Pass
55.7,6.3,8.9,11.6,78.8,Good,Pass
56.0,8.1,8.3,17.1,88.9,Excellent,Pass
21.5,4.5,7.3,12.0,42.6,At Risk,Fail
24.8,6.2,5.8,13.1,53.1,Average,Pass
50.8,8.0,6.5,10.8,80.5,Excellent,Pass
23.4,5.9,6.9,15.9,50.0,Average,Pass
20.5,5.6,7.5,16.0,50.1,Average,Pass
29.5,8.2,6.6,15.7,58.2,Average,Pass
39.3,6.0,6.1,15.1,65.9,Good,Pass
33.7,8.2,5.8,13.8,65.0,Good,Pass
27.8,7.1,5.2,12.1,51.3,Average,Pass
27.5,6.0,6.9,11.3,51.2,Average,Pass
27.1,7.2,5.4,17.2,55.1,Average,Pass
25.3,7.0,6.0,15.7,56.3,Average,Pass
59.4,8.0,6.7,11.7,79.3,Good,Pass
38.0,5.7,5.6,13.7,62.1,Average,Pass
44.4,6.6,7.7,12.8,71.3,Good,Pass
29.5,6.4,8.1,10.4,53.1,Average,Pass
32.8,7.6,6.5,14.1,62.7,Average,Pass
27.1,5.0,6.7,12.4,53.6,Average,Pass
6.2,8.0,7.8,10.9,30.1,At Risk,Fail
19.9,7.2,6.3,9.5,47.1,At Risk,Fail
15.2,4.5,6.3,9.2,32.4,At Risk,Fail
10.5,8.3,8.6,12.6,42.6,At Risk,Fail
21.9,9.9,8.3,13.4,53.7,Average,Pass
49.1,8.0,7.9,11.1,75.2,Good,Pass
34.3,8.6,8.3,15.4,65.9,Good,Pass
48.7,6.6,4.8,13.4,73.5,Good,Pass
39.2,4.0,8.8,15.2,67.7,Good,Pass
43.3,3.7,7.7,13.1,65.9,Good,Pass
25.1,6.9,8.4,11.4,51.3,Average,Pass
40.5,5.6,7.7,13.9,66.1,Good,Pass
42.7,5.1,7.3,10.1,62.7,Average,Pass
28.6,6.4,6.9,15.1,55.3,Average,Pass
40.8,7.4,7.6,11.0,64.6,Average,Pass
40.9,4.3,6.8,16.2,67.4,Good,Pass
28.9,5.8,8.2,12.7,56.5,Average,Pass
22.7,8.8,5.3,16.6,53.6,Average,Pass
22.0,4.9,6.6,10.5,47.9,At Risk,Fail
35.7,7.8,9.7,11.7,60.5,Average,Pass
38.3,5.8,6.4,14.7,66.2,Good,Pass
26.2,7.3,6.9,16.9,57.4,Average,Pass
35.1,8.1,6.1,18.3,69.3,Good,Pass
41.0,7.6,7.6,13.7,71.3,Good,Pass
41.5,7.9,6.3,18.7,74.1,Good,Pass
51.6,4.8,7.0,12.8,76.4,Good,Pass
48.6,8.2,8.2,16.7,80.2,Excellent,Pass
24.0,5.2,6.4,11.0,47.8,At Risk,Fail
53.0,6.9,8.1,14.8,79.0,Good,Pass
29.1,6.9,8.2,7.0,52.7,Average,Pass
46.1,7.2,8.5,10.5,72.2,Good,Pass
35.5,7.0,7.4,14.9,63.8,Average,Pass
30.3,5.2,10.0,9.9,55.0,Average,Pass
15.3,4.5,8.5,14.8,42.7,At Risk,Fail
32.9,7.8,7.6,16.1,67.1,Good,Pass
18.0,6.8,6.1,12.2,49.5,At Risk,Fail
45.2,8.2,7.1,10.9,73.9,Good,Pass
51.2,6.4,8.9,12.3,77.7,Good,Pass
26.2,4.4,9.3,10.9,52.0,Average,Pass
38.1,7.9,9.0,13.3,69.6,Good,Pass
27.0,5.9,8.1,13.9,53.1,Average,Pass
28.0,7.0,5.7,12.7,50.9,Average,Pass
43.2,5.5,7.8,18.3,74.6,Good,Pass
34.4,9.0,5.7,11.6,62.3,Average,Pass
53.6,5.2,5.4,17.5,78.5,Good,Pass
29.6,6.0,7.5,10.7,52.3,Average,Pass
45.6,6.7,7.8,13.8,75.0,Good,Pass
35.9,4.9,8.3,16.9,66.0,Good,Pass
43.4,7.0,7.8,16.8,77.8,Good,Pass
30.0,8.9,7.8,12.4,56.3,Average,Pass
34.3,5.8,6.0,15.2,65.9,Good,Pass
33.6,7.1,7.1,14.8,59.4,Average,Pass
25.8,2.4,5.4,12.1,41.6,At Risk,Fail
42.0,6.4,4.8,15.3,68.4,Good,Pass
41.8,6.0,8.1,18.8,72.5,Good,Pass
41.2,5.3,6.3,14.9,67.6,Good,Pass
51.4,8.1,8.2,15.2,82.8,Excellent,Pass
50.5,6.0,8.5,15.5,80.1,Excellent,Pass
30.8,6.2,6.5,9.5,51.3,Average,Pass
38.8,5.9,7.9,14.9,68.4,Good,Pass
28.1,3.6,6.4,10.8,48.2,At Risk,Fail
35.1,4.8,5.0,11.9,59.0,Average,Pass
28.3,7.9,7.3,19.7,62.9,Average,Pass
52.3,3.3,6.6,12.9,73.2,Good,Pass
38.7,5.4,6.7,11.5,58.9,Average,Pass
32.4,5.9,9.6,16.8,64.4,Average,Pass
47.7,9.1,5.4,10.9,70.6,Good,Pass
11.4,7.7,7.7,12.3,36.3,At Risk,Fail
13.0,5.7,6.0,17.1,42.9,At Risk,Fail
43.4,8.5,8.3,13.7,70.3,Good,Pass
35.5,5.4,7.6,9.2,60.5,Average,Pass
37.5,8.0,7.7,15.1,68.6,Good,Pass
20.5,4.5,6.1,12.5,43.4,At Risk,Fail
34.5,8.1,6.3,17.9,64.8,Average,Pass
56.4,5.9,8.3,11.9,84.1,Excellent,Pass
43.7,5.0,9.3,16.5,74.5,Good,Pass
36.6,6.2,7.8,18.6,67.8,Good,Pass
30.1,6.9,6.1,11.2,54.7,Average,Pass
30.5,5.8,7.6,13.1,53.6,Average,Pass
11.8,7.3,10.0,14.7,40.6,At Risk,Fail
37.6,5.6,7.3,11.2,59.5,Average,Pass
43.9,7.4,9.0,14.4,75.4,Good,Pass
17.8,7.2,6.3,13.0,44.2,At Risk,Fail
27.7,6.4,7.1,12.9,56.2,Average,Pass
22.3,5.8,7.9,13.7,48.0,At Risk,Fail
24.4,6.7,7.7,13.8,53.7,Average,Pass
35.4,7.3,6.3,14.1,62.8,Average,Pass
12.3,9.6,6.2,11.9,38.1,At Risk,Fail
41.4,7.9,8.4,12.0,70.5,Good,Pass
42.9,8.0,8.6,13.3,72.7,Good,Pass
32.1,10.0,9.0,13.5,63.3,Average,Pass
8.0,7.3,9.4,12.4,37.1,At Risk,Fail
24.0,7.2,7.4,14.5,52.9,Average,Pass
48.1,7.6,6.8,8.5,70.7,Good,Pass
4.8,5.0,8.8,11.6,29.3,At Risk,Fail
31.0,5.8,8.1,12.8,55.1,Average,Pass
22.1,5.7,6.0,11.2,45.2,At Risk,Fail
43.5,7.5,6.0,18.2,73.5,Good,Pass
27.5,6.2,7.8,13.7,53.1,Average,Pass
39.2,6.7,7.0,14.1,66.5,Good,Pass
40.9,8.1,7.2,12.2,69.9,Good,Pass
54.6,7.8,8.5,13.6,84.8,Excellent,Pass
32.6,6.3,8.1,10.2,56.1,Average,Pass
38.9,5.5,8.8,13.1,65.1,Good,Pass
18.8,8.2,4.9,11.0,44.1,At Risk,Fail
47.7,7.7,7.5,12.8,70.9,Good,Pass
26.6,4.1,8.0,6.4,46.7,At Risk,Fail
28.7,6.0,5.4,10.4,46.8,At Risk,Fail
34.6,6.7,6.4,17.7,62.6,Average,Pass
17.9,7.7,6.2,15.9,46.7,At Risk,Fail
37.3,7.9,7.2,17.3,74.0,Good,Pass
45.2,6.9,9.2,17.5,82.2,Excellent,Pass
38.0,7.4,9.6,15.5,71.9,Good,Pass
17.6,6.6,6.2,12.3,43.5,At Risk,Fail
33.5,5.5,7.8,10.7,53.8,Average,Pass
42.8,6.1,7.9,16.8,73.9,Good,Pass
14.5,6.5,7.7,13.8,41.4,At Risk,Fail
23.2,6.4,7.7,20.0,55.7,Average,Pass
44.3,3.7,7.6,12.6,68.4,Good,Pass
37.7,5.9,9.2,19.1,71.0,Good,Pass
39.2,6.6,8.5,13.2,69.3,Good,Pass
54.9,6.1,5.9,17.3,80.4,Excellent,Pass
39.9,6.1,8.2,18.4,72.6,Good,Pass
41.9,7.2,8.3,10.7,66.4,Good,Pass
60.0,4.9,7.6,12.2,83.9,Excellent,Pass
32.5,4.1,8.6,10.7,56.4,Average,Pass
26.2,6.0,7.4,10.2,47.5,At Risk,Fail
39.4,7.6,7.4,15.5,70.3,Good,Pass
39.5,9.0,7.3,13.0,68.5,Good,Pass
29.1,7.7,4.8,13.7,54.0,Average,Pass
23.7,4.3,7.1,15.2,49.3,At Risk,Fail
59.7,6.2,6.4,8.4,80.4,Excellent,Pass
38.3,6.9,5.8,17.2,66.7,Good,Pass
26.9,6.8,8.9,12.6,55.2,Average,Pass
44.7,7.3,7.8,15.1,74.3,Good,Pass
33.6,5.1,7.2,15.3,60.0,Average,Pass
32.1,6.6,6.5,17.4,65.8,Good,Pass
40.9,7.1,7.6,13.3,69.7,Good,Pass
20.8,7.7,8.4,7.7,43.9,At Risk,Fail
38.6,5.3,6.2,13.8,64.2,Average,Pass
55.5,6.0,7.2,14.2,80.7,Excellent,Pass
39.8,2.4,8.2,10.7,60.4,Average,Pass
30.7,5.6,4.9,14.0,54.6,Average,Pass
29.3,5.7,7.1,12.6,52.3,Average,Pass
30.4,5.0,6.7,9.8,52.6,Average,Pass
32.1,6.7,7.0,15.5,60.3,Average,Pass
30.7,6.4,6.6,12.0,55.0,Average,Pass
44.7,3.1,7.4,12.5,66.5,Good,Pass
16.1,6.8,9.5,12.3,50.6,Average,Pass
44.1,5.1,6.8,17.1,71.8,Good,Pass
30.7,7.2,7.6,13.5,54.8,Average,Pass
38.9,4.6,9.6,13.8,63.7,Average,Pass
22.6,6.5,6.5,12.4,49.6,At Risk,Fail
49.1,6.1,9.4,14.9,82.2,Excellent,Pass
48.3,7.0,7.2,17.4,78.4,Good,Pass
45.2,6.7,9.3,15.4,79.2,Good,Pass
18.4,6.1,8.1,15.5,49.7,At Risk,Fail
43.8,4.2,7.6,15.3,70.4,Good,Pass
39.2,4.3,7.1,9.7,59.8,Average,Pass
17.5,5.6,6.5,11.1,41.0,At Risk,Fail
34.5,6.5,7.3,13.0,63.1,Average,Pass
38.7,5.6,8.3,11.6,65.0,Good,Pass
40.8,7.4,7.2,10.6,64.7,Average,Pass
36.7,6.1,6.8,8.4,57.6,Average,Pass
37.9,5.1,6.9,9.8,63.7,Average,Pass
50.7,6.1,8.4,12.9,78.6,Good,Pass
48.0,6.8,8.7,13.4,78.7,Good,Pass
3.8,7.0,6.4,11.4,29.7,At Risk,Fail
31.4,9.3,6.4,13.8,61.5,Average,Pass
33.0,5.5,7.7,12.4,58.8,Average,Pass
15.9,6.4,9.0,16.7,49.7,At Risk,Fail
35.8,7.1,8.6,13.1,66.1,Good,Pass
48.3,6.5,5.7,15.5,76.5,Good,Pass
23.1,5.7,6.9,14.2,48.5,At Risk,Fail
38.4,4.2,6.1,9.7,59.1,Average,Pass
24.9,5.7,6.9,13.3,50.7,Average,Pass
27.5,4.9,9.1,10.1,51.1,Average,Pass
50.8,3.9,5.5,13.3,78.8,Good,Pass
28.9,5.3,5.3,11.5,47.9,At Risk,Fail
39.8,4.9,6.2,14.7,67.5,Good,Pass
14.6,7.4,7.5,9.8,37.6,At Risk,Fail
54.9,7.4,7.9,13.6,84.2,Excellent,Pass
41.3,5.1,7.7,15.2,74.5,Good,Pass
32.8,6.1,8.6,16.1,61.8,Average,Pass
41.0,3.7,5.1,11.5,59.8,Average,Pass
19.6,5.8,8.6,13.6,47.6,At Risk,Fail
47.6,7.1,6.8,14.1,73.9,Good,Pass
31.3,7.7,8.1,17.9,66.8,Good,Pass
32.6,5.4,5.6,9.5,52.0,Average,Pass
29.5,8.1,7.2,11.0,57.1,Average,Pass
28.5,4.2,7.5,20.0,57.6,Average,Pass
42.3,4.6,8.6,12.8,64.7,Average,Pass
37.6,7.6,5.3,8.3,58.3,Average,Pass
41.8,9.0,7.2,12.0,66.9,Good,Pass
34.7,7.2,5.9,5.8,56.7,Average,Pass
40.3,6.4,7.8,14.3,65.8,Good,Pass
30.3,3.2,8.1,15.9,55.4,Average,Pass
58.9,3.5,8.7,11.0,83.0,Excellent,Pass
17.9,6.7,6.6,12.3,42.2,At Risk,Fail
48.4,6.0,8.3,16.2,75.8,Good,Pass
49.6,4.8,8.8,8.7,76.0,Good,Pass
25.6,6.6,5.2,9.9,45.3,At Risk,Fail
58.9,6.7,7.9,13.0,86.1,Excellent,Pass
45.6,7.9,8.4,11.5,72.9,Good,Pass
45.3,6.7,6.9,12.8,73.1,Good,Pass
35.1,8.3,5.7,10.1,60.2,Average,Pass
32.5,6.5,8.3,14.2,59.8,Average,Pass
32.5,6.3,5.8,13.2,57.2,Average,Pass
39.0,8.1,7.0,15.1,68.8,Good,Pass
49.9,5.0,7.2,14.2,77.8,Good,Pass
36.8,10.0,8.1,14.2,66.7,Good,Pass
25.0,7.1,6.4,9.6,52.1,Average,Pass
43.7,7.1,6.4,15.0,70.6,Good,Pass
44.7,7.3,7.3,12.7,72.0,Good,Pass
41.9,9.3,8.4,13.1,70.4,Good,Pass
42.9,7.7,9.9,16.5,74.4,Good,Pass
31.9,4.1,5.4,11.6,51.2,Average,Pass
24.8,8.6,7.6,17.4,56.4,Average,Pass
25.4,6.0,5.9,17.6,54.1,Average,Pass
17.1,6.7,8.4,15.7,46.0,At Risk,Fail
37.4,4.6,6.1,10.9,60.3,Average,Pass
33.9,7.3,6.4,7.5,53.5,Average,Pass
30.0,5.5,6.5,16.6,56.9,Average,Pass
2.9,6.7,7.1,13.9,29.8,At Risk,Fail
21.3,6.1,7.6,11.5,48.5,At Risk,Fail
46.9,9.4,7.8,16.9,81.4,Excellent,Pass
27.6,9.5,7.2,11.2,55.3,Average,Pass
38.7,6.6,5.6,12.4,60.4,Average,Pass
19.8,6.6,8.1,15.1,47.2,At Risk,Fail
50.3,5.9,7.1,10.5,71.3,Good,Pass
33.2,8.2,8.6,13.3,65.9,Good,Pass
37.9,6.0,6.4,16.6,68.0,Good,Pass
59.9,5.9,5.3,14.2,83.5,Excellent,Pass
51.2,8.0,7.2,17.1,82.3,Excellent,Pass
31.5,5.7,8.8,16.8,61.1,Average,Pass
28.4,6.4,7.4,13.6,54.1,Average,Pass
31.3,4.1,7.0,7.1,50.4,Average,Pass
40.3,7.6,6.2,10.5,63.9,Average,Pass
33.7,9.4,9.3,15.7,72.3,Good,Pass
30.5,7.6,6.0,9.3,55.8,Average,Pass
50.6,8.7,6.3,12.7,81.0,Excellent,Pass
33.6,5.2,7.9,14.5,62.6,Average,Pass
59.6,6.9,5.0,17.7,88.3,Excellent,Pass
35.8,5.1,8.7,12.0,62.8,Average,Pass
54.1,6.2,7.9,11.8,79.3,Good,Pass
38.7,7.7,8.3,13.5,71.3,Good,Pass
45.2,6.7,7.9,14.6,75.1,Good,Pass
27.0,4.4,7.0,13.2,52.1,Average,Pass
25.6,4.5,5.9,16.5,52.8,Average,Pass
39.8,4.4,7.0,11.4,66.1,Good,Pass
45.5,7.2,6.0,13.9,69.8,Good,Pass
35.2,9.6,7.8,14.8,71.1,Good,Pass
20.9,8.5,8.2,12.5,49.7,At Risk,Fail
20.1,3.7,9.0,16.0,45.9,At Risk,Fail
19.4,8.6,7.6,14.0,48.2,At Risk,Fail
15.7,7.9,8.3,15.8,44.4,At Risk,Fail
36.0,4.2,6.8,14.1,62.5,Average,Pass
47.0,6.0,6.6,14.7,72.2,Good,Pass
34.7,8.1,7.8,11.8,62.7,Average,Pass
10.4,7.3,6.7,11.8,38.6,At Risk,Fail
32.7,4.5,7.5,17.0,60.5,Average,Pass
33.0,7.4,5.9,15.4,61.2,Average,Pass
57.4,3.3,6.1,10.7,75.0,Good,Pass
19.1,6.2,8.0,14.1,46.5,At Risk,Fail
30.6,8.2,8.3,7.0,59.2,Average,Pass
53.2,6.5,6.0,12.0,79.3,Good,Pass
39.7,5.8,8.0,16.3,69.2,Good,Pass
40.9,7.8,6.6,13.2,67.3,Good,Pass
36.0,8.0,7.2,13.9,65.1,Good,Pass
38.4,8.5,8.9,5.2,61.1,Average,Pass
43.2,7.8,8.2,12.5,70.8,Good,Pass
26.1,8.1,8.2,14.5,57.9,Average,Pass
44.3,7.6,9.5,14.9,74.4,Good,Pass
20.0,6.9,6.4,16.3,47.6,At Risk,Fail
38.3,6.6,6.0,13.0,64.7,Average,Pass
36.7,6.1,6.3,13.1,60.0,Average,Pass
28.1,4.7,6.9,9.9,51.0,Average,Pass
34.6,5.1,4.4,13.0,57.0,Average,Pass
28.1,6.1,7.0,10.1,47.5,At Risk,Fail
23.2,6.9,6.5,8.4,45.3,At Risk,Fail
31.0,8.7,8.1,10.6,55.0,Average,Pass
22.9,6.4,7.6,17.8,56.1,Average,Pass
38.3,8.0,6.5,12.8,65.1,Good,Pass
22.4,8.1,7.9,14.2,56.3,Average,Pass
42.5,6.2,8.1,12.2,71.0,Good,Pass
22.0,7.4,6.3,8.6,42.2,At Risk,Fail
28.7,6.1,6.6,16.2,53.6,Average,Pass
28.1,8.5,4.5,7.5,47.1,At Risk,Fail
49.1,7.5,5.9,12.0,72.1,Good,Pass
38.4,4.7,6.3,13.4,66.5,Good,Pass
32.5,6.7,7.3,14.2,60.8,Average,Pass
40.2,9.0,6.1,11.6,68.7,Good,Pass
12.0,6.2,6.6,8.5,32.7,At Risk,Fail
34.3,7.2,5.7,11.4,58.2,Average,Pass
56.4,7.3,7.4,11.5,82.5,Excellent,Pass
36.2,4.9,7.7,11.4,62.5,Average,Pass
35.5,7.3,7.7,16.3,67.4,Good,Pass
40.7,4.4,7.2,10.2,60.4,Average,Pass
44.5,5.6,5.4,14.4,73.1,Good,Pass
13.2,8.1,6.5,14.0,41.3,At Risk,Fail
16.6,7.0,6.7,16.3,45.8,At Risk,Fail
37.1,6.0,6.7,13.2,57.4,Average,Pass
27.1,7.2,7.3,15.8,58.6,Average,Pass
49.0,6.4,8.9,13.1,77.6,Good,Pass
31.4,6.5,8.2,14.8,61.1,Average,Pass
13.9,7.5,6.0,9.4,36.0,At Risk,Fail
21.1,5.4,8.0,6.2,39.6,At Risk,Fail
5.1,6.6,8.0,14.7,33.6,At Risk,Fail
32.3,6.0,6.2,14.8,60.3,Average,Pass
32.8,4.1,8.2,14.9,61.3,Average,Pass
30.2,5.1,7.0,12.1,54.0,Average,Pass
46.5,8.9,5.5,17.8,80.5,Excellent,Pass
47.7,7.1,7.7,12.3,74.7,Good,Pass
33.0,4.5,7.5,14.8,58.7,Average,Pass
11.7,4.2,6.9,15.3,38.5,At Risk,Fail
41.5,6.3,7.2,18.4,70.6,Good,Pass
40.8,8.8,6.3,12.7,69.2,Good,Pass
38.1,6.2,7.9,11.8,61.0,Average,Pass
45.4,8.5,7.1,9.4,68.4,Good,Pass
22.2,7.0,7.4,17.9,50.6,Average,Pass
56.5,7.2,7.6,14.8,85.8,Excellent,Pass
24.4,4.5,5.8,14.9,52.8,Average,Pass
42.9,7.9,6.1,20.0,76.7,Good,Pass
16.6,6.0,4.5,14.5,42.9,At Risk,Fail
24.8,7.8,7.9,10.0,55.1,Average,Pass
51.2,5.3,5.7,13.1,76.1,Good,Pass
32.0,6.8,7.4,10.9,55.4,Average,Pass
43.9,7.0,7.6,12.5,69.8,Good,Pass
37.4,6.3,7.9,12.5,64.0,Average,Pass
33.7,7.1,5.8,12.0,57.2,Average,Pass
49.5,6.1,7.1,9.7,71.3,Good,Pass
32.2,5.5,9.2,18.1,67.0,Good,Pass
15.6,8.9,9.3,14.4,50.2,Average,Pass
26.1,8.1,8.4,13.0,52.3,Average,Pass
40.8,5.4,7.6,15.7,67.8,Good,Pass
39.1,7.4,6.0,14.9,66.4,Good,Pass
17.9,5.4,8.1,14.4,46.9,At Risk,Fail
27.0,4.7,7.0,15.5,56.5,Average,Pass
28.5,8.1,7.9,14.0,63.8,Average,Pass
30.9,3.9,6.4,15.5,55.8,Average,Pass
19.9,7.9,7.0,15.7,49.7,At Risk,Fail
28.0,6.1,7.4,14.1,56.8,Average,Pass
26.9,6.2,7.5,13.0,52.2,Average,Pass
43.1,7.1,7.8,17.9,75.6,Good,Pass
43.5,7.4,6.5,12.3,68.8,Good,Pass
33.2,5.3,5.6,14.7,53.5,Average,Pass
30.6,7.6,9.1,14.8,62.3,Average,Pass
36.3,6.7,10.0,11.9,64.5,Average,Pass
26.0,4.6,7.7,11.3,52.2,Average,Pass
22.4,6.2,5.6,12.6,46.9,At Risk,Fail
24.6,8.6,6.3,12.2,49.2,At Risk,Fail
27.9,9.0,7.8,9.5,53.8,Average,Pass
22.2,7.6,8.8,11.8,46.2,At Risk,Fail
36.6,4.7,5.7,14.3,58.9,Average,Pass
42.7,7.2,7.1,17.1,75.4,Good,Pass
17.7,7.8,7.4,15.2,47.5,At Risk,Fail
35.1,7.6,8.2,6.3,59.1,Average,Pass
32.4,7.7,6.8,15.4,58.4,Average,Pass
38.5,7.0,5.3,12.0,62.4,Average,Pass
34.7,6.4,7.9,14.9,62.9,Average,Pass
19.1,5.6,8.5,13.6,48.7,At Risk,Fail
21.2,3.7,7.1,13.1,46.3,At Risk,Fail
35.1,7.0,7.7,13.3,64.4,Average,Pass
45.9,6.8,6.6,13.5,75.9,Good,Pass
10.9,7.3,6.2,17.4,41.0,At Risk,Fail
38.5,4.5,8.4,13.5,67.7,Good,Pass
47.6,7.5,7.7,16.6,77.3,Good,Pass
33.1,9.6,7.8,16.2,64.6,Average,Pass
40.7,6.6,9.0,15.5,73.3,Good,Pass
27.2,6.4,5.9,8.6,45.1,At Risk,Fail
33.5,7.0,6.5,16.7,64.9,Average,Pass
17.3,9.5,7.4,12.3,46.8,At Risk,Fail
9.5,5.0,6.5,15.6,38.7,At Risk,Fail
45.0,6.8,8.1,10.9,70.7,Good,Pass
24.2,5.3,7.0,10.3,46.8,At Risk,Fail
29.9,5.7,6.0,19.1,61.7,Average,Pass
19.8,6.4,7.3,10.9,43.1,At Risk,Fail
19.6,8.5,7.4,16.8,50.9,Average,Pass
32.9,9.2,8.3,13.9,65.3,Good,Pass
26.9,7.2,7.7,12.4,54.1,Average,Pass
38.9,5.9,7.8,13.5,65.2,Good,Pass
39.7,10.0,7.6,10.0,67.1,Good,Pass
38.3,5.9,7.0,13.6,67.8,Good,Pass
37.4,5.6,6.3,10.6,59.0,Average,Pass
51.8,3.8,7.5,12.5,74.8,Good,Pass
23.3,8.6,6.8,16.2,51.4,Average,Pass
34.2,8.0,9.2,14.3,65.6,Good,Pass
47.0,10.0,8.8,9.4,76.6,Good,Pass
48.5,4.4,8.0,16.0,78.5,Good,Pass
19.4,8.7,7.7,13.6,49.6,At Risk,Fail
31.4,6.6,7.1,12.1,59.1,Average,Pass
49.5,7.7,5.7,15.7,80.0,Excellent,Pass
40.3,4.0,6.9,13.1,66.6,Good,Pass
36.9,8.7,7.3,10.3,65.2,Good,Pass
32.4,7.7,7.5,18.8,69.5,Good,Pass
30.7,6.4,7.8,13.6,58.1,Average,Pass
37.9,7.5,8.3,13.4,64.4,Average,Pass
32.1,5.4,6.4,12.5,57.6,Average,Pass
34.3,5.6,6.4,16.9,64.8,Average,Pass
35.6,5.8,8.9,12.1,65.7,Good,Pass
27.5,3.7,8.1,9.3,51.2,Average,Pass
40.5,7.8,6.7,11.7,70.7,Good,Pass
60.0,8.3,7.1,17.3,93.9,Excellent,Pass
15.6,5.4,7.1,15.9,44.5,At Risk,Fail
38.3,7.0,7.2,12.9,62.7,Average,Pass
26.6,6.1,7.8,17.4,58.5,Average,Pass
41.0,7.0,10.0,15.7,72.6,Good,Pass
35.3,5.6,7.4,12.9,61.6,Average,Pass
43.0,5.2,8.0,13.1,69.4,Good,Pass
47.5,8.1,5.2,14.5,76.2,Good,Pass
36.9,6.4,6.6,11.3,61.0,Average,Pass
47.0,9.5,8.7,13.6,80.7,Excellent,Pass
9.5,6.6,7.7,14.5,32.8,At Risk,Fail
52.0,5.1,1.9,8.9,68.3,Good,Pass
38.9,8.3,8.0,13.1,70.7,Good,Pass
46.4,7.4,9.5,12.8,79.9,Good,Pass
21.6,7.6,4.8,16.5,52.0,Average,Pass
25.8,8.3,9.0,8.4,54.9,Average,Pass
36.4,5.5,3.9,12.5,58.6,Average,Pass
34.6,6.3,8.3,12.3,61.5,Average,Pass
37.9,6.2,7.2,16.3,68.6,Good,Pass
46.5,4.6,4.4,13.5,68.9,Good,Pass
15.7,6.1,7.7,18.6,46.6,At Risk,Fail
45.3,8.5,8.6,15.5,76.8,Good,Pass
34.9,6.9,7.6,12.5,59.6,Average,Pass
32.6,4.5,7.9,14.3,60.3,Average,Pass
18.9,4.2,6.7,12.6,42.4,At Risk,Fail
40.2,9.0,5.0,16.0,69.5,Good,Pass
8.7,6.4,8.0,9.9,31.9,At Risk,Fail
41.8,5.5,9.3,11.3,68.9,Good,Pass
18.7,6.1,8.6,14.9,49.8,At Risk,Fail
35.4,4.3,4.8,17.0,59.2,Average,Pass
33.5,8.6,5.4,7.4,52.4,Average,Pass
47.4,5.9,6.2,17.4,78.9,Good,Pass
32.9,8.6,5.3,13.2,57.2,Average,Pass
27.3,6.6,7.3,8.3,50.6,Average,Pass
29.3,8.6,7.7,5.2,54.1,Average,Pass
48.5,6.9,5.5,9.3,73.5,Good,Pass
40.6,7.8,8.1,13.5,71.5,Good,Pass
30.6,7.6,7.9,13.4,61.0,Average,Pass
32.2,7.4,6.5,15.4,66.1,Good,Pass
17.9,7.0,7.0,12.1,39.3,At Risk,Fail
39.0,6.2,4.9,10.5,59.6,Average,Pass
15.8,9.4,6.8,12.4,46.1,At Risk,Fail
42.9,5.1,7.2,13.7,68.3,Good,Pass
36.2,6.5,7.4,14.2,66.8,Good,Pass
60.0,6.5,7.7,11.4,85.5,Excellent,Pass
22.9,7.1,7.5,16.1,53.9,Average,Pass
33.7,5.9,6.9,11.9,57.7,Average,Pass
54.2,7.0,7.5,11.2,78.9,Good,Pass
47.7,6.2,8.4,12.1,73.3,Good,Pass
27.3,4.1,7.1,16.6,55.6,Average,Pass
37.2,6.5,7.6,13.2,63.0,Average,Pass
34.8,4.8,7.0,11.7,60.2,Average,Pass
37.8,3.9,6.4,16.2,65.7,Good,Pass
27.3,6.7,7.8,19.6,63.6,Average,Pass
33.8,7.2,6.5,14.2,59.5,Average,Pass
17.5,7.3,7.7,17.1,46.2,At Risk,Fail
36.3,7.4,7.2,16.5,67.3,Good,Pass
39.7,3.6,6.8,11.9,67.8,Good,Pass
32.3,4.5,6.8,13.7,59.8,Average,Pass
17.4,9.5,6.6,10.0,42.3,At Risk,Fail
45.5,4.9,5.2,13.0,69.5,Good,Pass
38.7,7.4,7.7,11.8,67.1,Good,Pass
27.0,5.5,7.5,12.5,49.6,At Risk,Fail
31.8,6.6,8.2,11.5,60.8,Average,Pass
18.6,5.6,6.6,12.8,43.2,At Risk,Fail
23.7,7.3,9.5,15.1,55.5,Average,Pass
29.0,6.7,6.7,13.3,55.8,Average,Pass
48.1,5.8,6.1,8.4,70.7,Good,Pass
27.9,4.9,6.0,11.5,48.8,At Risk,Fail
41.7,6.9,5.1,9.3,59.7,Average,Pass
29.0,4.7,9.0,14.3,57.6,Average,Pass
37.5,7.1,8.8,15.0,64.4,Average,Pass
33.3,10.0,7.9,14.3,64.9,Average,Pass
44.2,8.5,6.1,11.4,72.6,Good,Pass
29.0,7.6,9.4,14.3,61.4,Average,Pass
17.8,6.4,6.8,12.3,45.3,At Risk,Fail
19.9,3.6,6.9,10.4,42.0,At Risk,Fail
29.1,4.5,8.9,15.7,63.0,Average,Pass
21.3,8.4,8.0,15.9,52.4,Average,Pass
39.2,5.3,9.8,16.3,71.4,Good,Pass
29.8,5.5,7.5,11.9,53.7,Average,Pass
60.0,6.3,6.7,16.9,91.8,Excellent,Pass
16.0,4.9,6.5,12.2,39.5,At Risk,Fail
37.0,4.7,5.0,15.4,65.5,Good,Pass
22.6,6.4,6.9,12.2,47.0,At Risk,Fail
29.5,5.2,8.6,13.0,59.0,Average,Pass
36.3,5.4,7.9,6.8,57.6,Average,Pass
9.7,5.3,7.2,12.8,34.9,At Risk,Fail
37.4,7.3,6.0,13.9,65.6,Good,Pass
55.4,6.2,7.5,12.5,81.9,Excellent,Pass
29.9,6.2,8.4,18.5,63.8,Average,Pass
37.6,7.4,7.7,10.3,62.6,Average,Pass
45.9,6.3,7.4,12.0,70.2,Good,Pass
33.0,6.1,6.2,11.1,55.8,Average,Pass
28.5,7.2,8.2,12.0,52.6,Average,Pass
10.2,7.5,3.4,16.5,39.3,At Risk,Fail
41.7,6.3,7.7,17.7,70.9,Good,Pass
33.6,6.6,10.0,11.6,61.4,Average,Pass
23.9,5.3,5.4,11.6,47.5,At Risk,Fail
36.2,5.2,6.9,10.4,60.3,Average,Pass
28.5,7.7,7.2,17.3,57.0,Average,Pass
29.1,7.2,6.6,16.7,59.5,Average,Pass
41.3,7.2,8.4,13.3,71.2,Good,Pass
20.3,6.9,7.8,9.7,44.8,At Risk,Fail
46.1,6.6,7.4,9.9,72.7,Good,Pass
19.7,7.5,8.2,14.1,47.8,At Risk,Fail
27.6,7.9,7.2,15.1,53.8,Average,Pass
55.6,7.9,10.0,7.8,82.9,Excellent,Pass
47.0,6.3,7.4,12.7,72.3,Good,Pass
35.9,8.6,7.4,18.1,66.5,Good,Pass
24.6,6.8,5.1,13.0,49.3,At Risk,Fail
29.1,7.4,6.5,17.8,63.3,Average,Pass
35.6,6.9,8.6,15.4,64.0,Average,Pass
35.2,6.9,5.6,10.6,62.9,Average,Pass
33.8,5.4,4.6,12.8,54.9,Average,Pass
34.5,7.6,7.2,13.2,62.7,Average,Pass
32.5,10.0,8.8,10.9,59.8,Average,Pass
19.2,5.9,7.3,10.9,43.4,At Risk,Fail
29.2,6.6,6.8,17.8,60.2,Average,Pass
44.7,5.8,5.0,10.9,63.4,Average,Pass
20.0,5.8,7.7,16.6,55.8,Average,Pass
32.8,8.8,8.0,12.4,61.0,Average,Pass
25.9,5.5,5.1,13.5,49.0,At Risk,Fail
36.0,5.8,8.6,15.2,67.5,Good,Pass
30.6,4.1,8.1,11.9,58.4,Average,Pass
50.8,5.4,8.6,15.2,82.1,Excellent,Pass
40.3,3.9,7.9,7.9,57.6,Average,Pass
20.6,7.4,8.0,14.8,51.3,Average,Pass
42.0,10.0,7.8,6.7,62.8,Average,Pass
26.4,5.9,8.2,13.0,55.4,Average,Pass
28.6,4.0,5.0,16.0,50.3,Average,Pass
38.2,7.8,5.4,15.3,65.2,Good,Pass
29.5,5.4,6.3,10.0,51.2,Average,Pass
44.4,8.4,7.0,10.3,71.2,Good,Pass
26.4,6.1,7.7,11.7,51.3,Average,Pass
28.1,5.6,7.6,14.1,58.4,Average,Pass
27.7,6.2,8.5,7.9,51.8,Average,Pass
28.7,7.6,8.6,13.6,59.8,Average,Pass
46.7,6.2,6.2,14.5,71.0,Good,Pass
41.6,5.8,7.5,12.8,71.0,Good,Pass
53.3,6.2,6.2,15.1,79.1,Good,Pass
59.3,4.6,7.0,14.2,88.6,Excellent,Pass
23.7,7.1,7.6,12.1,54.5,Average,Pass
35.6,3.8,3.1,8.2,51.7,Average,Pass
22.1,5.8,10.0,14.0,54.0,Average,Pass
26.4,7.6,7.9,10.9,46.7,At Risk,Fail
28.0,7.0,6.5,12.0,53.0,Average,Pass
23.4,7.4,9.5,14.9,57.4,Average,Pass
23.4,6.4,6.8,17.6,56.0,Average,Pass
33.2,8.3,7.4,13.5,59.9,Average,Pass
21.7,7.9,6.6,15.2,50.7,Average,Pass
43.9,7.2,9.2,9.6,64.7,Average,Pass
24.9,7.9,7.1,14.3,55.0,Average,Pass
60.0,7.6,7.4,13.4,84.7,Excellent,Pass
29.9,5.8,8.6,17.0,63.7,Average,Pass
35.6,4.5,7.9,12.1,62.4,Average,Pass
20.8,7.1,7.1,12.9,47.1,At Risk,Fail
53.2,7.3,8.5,16.6,86.7,Excellent,Pass
46.9,8.1,10.0,13.3,77.9,Good,Pass
38.0,5.1,7.6,10.5,61.7,Average,Pass
20.3,5.1,7.3,20.0,50.4,Average,Pass
37.1,7.2,7.4,10.6,63.5,Average,Pass
22.7,6.4,8.8,13.4,48.0,At Risk,Fail
50.6,3.7,6.5,14.6,71.7,Good,Pass
43.5,7.1,6.9,14.3,71.6,Good,Pass
35.8,3.7,5.4,13.1,57.6,Average,Pass
8.5,5.1,5.8,13.1,33.0,At Risk,Fail
24.2,8.5,6.6,12.9,50.9,Average,Pass
42.2,9.2,7.1,10.5,72.8,Good,Pass
47.9,4.7,9.3,19.6,81.8,Excellent,Pass
46.8,6.0,7.8,13.0,74.1,Good,Pass
17.6,6.6,6.1,15.3,45.9,At Risk,Fail
38.1,9.2,6.3,12.7,68.2,Good,Pass
45.8,5.8,8.8,12.6,74.1,Good,Pass
16.9,5.8,8.6,12.3,44.4,At Risk,Fail
34.7,8.8,7.2,9.3,61.5,Average,Pass
37.8,5.9,6.7,13.2,59.9,Average,Pass
31.6,7.6,8.5,12.5,56.6,Average,Pass
14.8,4.3,6.0,16.9,41.8,At Risk,Fail
31.3,6.2,7.7,10.2,55.0,Average,Pass
31.3,4.0,9.9,12.0,58.3,Average,Pass
33.2,4.9,7.4,11.1,56.7,Average,Pass
28.7,7.8,6.3,17.6,61.5,Average,Pass
30.0,6.4,7.7,11.2,52.8,Average,Pass
34.4,6.0,6.6,15.2,62.2,Average,Pass
39.6,5.4,5.5,16.3,64.1,Average,Pass
31.5,6.2,8.0,13.2,59.7,Average,Pass
30.4,7.0,8.5,9.7,51.9,Average,Pass
35.8,8.0,6.8,9.8,61.1,Average,Pass
14.1,2.6,6.7,16.0,36.4,At Risk,Fail
40.0,5.3,6.0,10.1,60.6,Average,Pass
34.8,6.7,7.0,14.7,65.0,Good,Pass
35.2,6.4,6.5,13.9,62.5,Average,Pass
45.2,7.1,6.0,14.7,69.6,Good,Pass
13.7,6.9,9.5,14.9,43.7,At Risk,Fail
13.5,6.0,7.8,11.0,35.3,At Risk,Fail
37.8,5.7,7.9,10.9,58.8,Average,Pass
34.7,6.1,8.3,15.6,65.0,Good,Pass
36.6,8.2,8.1,11.8,65.9,Good,Pass
29.8,5.4,6.7,5.9,48.7,At Risk,Fail
42.0,6.4,7.5,15.4,72.5,Good,Pass
44.9,6.8,6.9,10.7,69.2,Good,Pass
40.0,8.8,7.7,14.9,71.0,Good,Pass
32.0,6.0,7.6,17.5,61.0,Average,Pass
12.0,7.9,6.7,13.6,39.5,At Risk,Fail
43.1,8.3,5.6,16.4,70.8,Good,Pass
48.0,6.4,7.4,14.0,74.1,Good,Pass
41.8,6.2,7.0,18.0,73.1,Good,Pass
25.3,6.0,4.9,10.6,46.6,At Risk,Fail
42.1,6.1,7.8,13.6,75.7,Good,Pass
44.1,7.8,8.4,15.5,73.0,Good,Pass
51.6,6.8,10.0,13.1,81.3,Excellent,Pass
25.3,6.9,6.7,16.8,52.9,Average,Pass
32.4,4.8,6.6,12.4,55.3,Average,Pass
42.9,5.0,5.9,19.4,72.5,Good,Pass
35.4,9.7,7.5,19.5,73.8,Good,Pass
22.7,6.2,7.4,14.4,49.9,At Risk,Fail
39.3,5.3,6.2,15.1,65.6,Good,Pass
41.0,8.6,7.0,16.9,72.8,Good,Pass
35.7,6.9,4.8,10.3,55.0,Average,Pass
37.2,7.4,8.3,9.9,61.5,Average,Pass
32.0,6.3,6.3,17.1,60.9,Average,Pass
50.8,6.0,7.2,14.4,78.5,Good,Pass
25.1,6.2,5.5,13.0,50.9,Average,Pass
28.5,4.4,6.5,13.6,52.5,Average,Pass
34.9,6.4,6.9,6.9,54.6,Average,Pass
44.3,6.9,7.2,13.1,68.0,Good,Pass
18.6,9.3,7.8,11.5,48.3,At Risk,Fail
20.6,6.6,8.9,16.2,51.0,Average,Pass
12.8,3.0,8.1,16.4,41.8,At Risk,Fail
35.2,6.4,8.4,15.2,67.7,Good,Pass
22.7,10.0,8.9,14.7,56.0,Average,Pass
30.6,7.8,7.9,9.4,53.7,Average,Pass
41.9,5.3,7.2,15.3,69.6,Good,Pass
27.9,7.4,8.4,15.4,59.7,Average,Pass
37.3,5.4,8.5,17.1,67.6,Good,Pass
31.6,4.5,8.0,19.5,62.4,Average,Pass
42.1,6.0,5.5,8.9,63.5,Average,Pass
39.9,6.6,6.2,12.5,66.3,Good,Pass
27.3,3.7,6.9,11.5,48.7,At Risk,Fail
33.0,4.8,8.1,14.1,56.7,Average,Pass
46.1,6.5,7.2,13.6,74.3,Good,Pass
39.0,5.9,8.6,12.9,64.9,Average,Pass
19.7,7.1,8.8,16.5,52.5,Average,Pass
41.9,4.7,8.6,10.5,66.0,Good,Pass
23.1,7.6,8.6,10.7,46.2,At Risk,Fail
50.1,4.7,6.0,10.7,71.6,Good,Pass
45.9,9.0,7.8,12.6,76.2,Good,Pass
37.9,3.9,6.5,10.2,59.8,Average,Pass
36.5,4.9,5.2,13.5,60.3,Average,Pass
32.5,7.1,6.9,13.1,55.7,Average,Pass
42.1,9.0,8.8,11.4,73.9,Good,Pass
30.8,7.0,7.8,16.0,62.4,Average,Pass
37.3,7.3,9.6,13.4,65.3,Good,Pass
44.2,6.5,7.4,16.6,73.2,Good,Pass
28.7,5.0,10.0,13.1,57.2,Average,Pass
28.1,5.8,7.4,13.5,56.2,Average,Pass
21.9,4.7,7.2,12.0,44.9,At Risk,Fail
23.3,4.6,5.7,13.6,48.8,At Risk,Fail
15.1,7.1,8.5,15.6,42.7,At Risk,Fail
42.7,4.8,6.6,12.4,64.5,Average,Pass
54.3,7.0,6.4,15.1,78.7,Good,Pass
50.2,4.5,8.7,11.3,73.0,Good,Pass
17.2,6.9,8.6,15.7,51.5,Average,Pass
42.6,5.8,8.6,12.0,73.0,Good,Pass
50.2,8.6,6.8,16.0,82.0,Excellent,Pass
29.9,7.0,7.1,13.8,56.5,Average,Pass
35.9,8.4,7.1,17.9,68.8,Good,Pass
13.1,5.4,8.1,10.4,37.9,At Risk,Fail
37.7,6.6,9.1,9.5,59.7,Average,Pass
23.3,5.0,7.6,11.9,46.7,At Risk,Fail
37.0,5.9,9.6,9.7,65.0,Good,Pass
17.9,6.1,8.3,9.7,40.0,At Risk,Fail
40.7,5.4,6.9,15.3,66.8,Good,Pass
45.9,4.7,8.2,13.6,72.4,Good,Pass
26.3,4.4,9.2,12.3,52.8,Average,Pass
22.5,3.0,9.6,12.5,46.4,At Risk,Fail
11.5,4.9,8.6,11.9,37.1,At Risk,Fail
31.9,7.4,7.2,18.2,66.0,Good,Pass
28.5,4.1,6.9,11.5,55.0,Average,Pass
18.0,4.4,7.9,9.9,40.0,At Risk,Fail
39.7,9.2,9.2,15.8,73.8,Good,Pass
29.9,5.5,7.7,13.0,59.3,Average,Pass
23.2,7.0,7.7,19.3,56.1,Average,Pass
28.8,7.5,7.3,12.1,53.0,Average,Pass
46.4,7.5,6.8,16.0,77.1,Good,Pass
41.3,4.2,7.0,16.6,71.3,Good,Pass
33.4,6.2,7.4,12.1,59.8,Average,Pass
41.5,4.1,9.3,11.5,66.1,Good,Pass
22.3,10.0,6.9,15.7,52.0,Average,Pass
35.1,4.1,7.3,15.2,61.6,Average,Pass
36.4,4.9,6.2,9.7,59.6,Average,Pass
29.7,4.9,8.1,10.4,50.7,Average,Pass
39.5,4.3,8.8,6.5,58.6,Average,Pass
26.4,8.5,9.1,15.3,58.5,Average,Pass
40.3,10.0,7.4,12.9,69.2,Good,Pass
40.8,5.8,7.9,13.1,68.1,Good,Pass
3.3,4.5,7.0,8.9,24.6,At Risk,Fail
47.7,3.1,7.8,10.5,70.0,Good,Pass
1.9,6.1,7.6,12.3,25.9,At Risk,Fail
28.1,6.0,7.3,11.7,49.9,At Risk,Fail
45.9,5.5,7.4,13.9,73.2,Good,Pass
31.4,6.8,7.7,15.2,60.2,Average,Pass
19.0,7.1,6.8,20.0,56.5,Average,Pass
23.0,7.0,6.9,13.5,54.2,Average,Pass
45.9,6.0,9.2,16.7,81.9,Excellent,Pass
14.0,4.8,10.0,11.3,38.3,At Risk,Fail
47.0,7.5,5.8,8.9,70.3,Good,Pass
34.2,6.5,5.7,12.6,60.8,Average,Pass
21.9,7.8,6.1,9.1,46.4,At Risk,Fail
28.5,7.7,7.1,13.6,56.2,Average,Pass
23.8,4.4,8.3,11.4,50.4,Average,Pass
44.2,4.3,7.9,8.1,64.5,Average,Pass
42.7,5.4,7.4,18.5,74.2,Good,Pass
16.2,4.9,7.8,12.1,38.0,At Risk,Fail
30.4,7.6,6.4,9.0,54.7,Average,Pass
25.5,7.0,6.9,16.1,55.0,Average,Pass
48.8,8.1,7.2,11.6,76.6,Good,Pass
20.2,7.1,5.3,16.7,49.7,At Risk,Fail
52.1,6.8,5.8,11.5,76.7,Good,Pass
34.4,8.3,5.9,12.1,60.6,Average,Pass
22.3,7.2,8.1,14.6,53.7,Average,Pass
27.5,6.6,7.5,15.3,56.4,Average,Pass
26.1,8.7,7.9,15.8,55.6,Average,Pass
21.0,6.7,5.0,13.3,47.2,At Risk,Fail
35.8,6.0,5.4,15.1,60.7,Average,Pass
21.5,5.2,8.0,15.7,47.8,At Risk,Fail
11.3,7.6,3.9,14.2,34.8,At Risk,Fail
30.7,8.4,8.7,13.2,61.5,Average,Pass
15.3,6.4,5.0,9.6,36.1,At Risk,Fail
26.7,8.5,8.2,15.3,54.4,Average,Pass
25.0,3.5,6.1,13.7,47.6,At Risk,Fail
25.4,6.4,8.5,12.4,55.0,Average,Pass
56.4,6.4,10.0,17.2,89.1,Excellent,Pass
35.4,5.4,4.5,9.6,54.6,Average,Pass
37.5,10.0,8.0,18.2,75.8,Good,Pass
15.6,6.4,5.0,13.5,42.2,At Risk,Fail
27.7,5.9,7.7,14.5,57.9,Average,Pass
37.1,6.5,7.0,12.5,57.6,Average,Pass
23.7,3.5,7.4,8.9,47.0,At Risk,Fail
44.6,5.4,6.1,13.2,70.6,Good,Pass
21.8,8.0,8.1,14.5,57.4,Average,Pass
31.7,5.6,5.5,15.5,56.7,Average,Pass
28.5,5.3,8.7,13.0,51.9,Average,Pass
36.6,8.5,6.7,7.5,59.2,Average,Pass
27.9,8.5,5.5,9.3,50.6,Average,Pass
31.9,7.3,9.1,19.3,68.9,Good,Pass
32.2,5.8,7.1,10.5,57.9,Average,Pass
26.9,6.1,9.5,17.6,59.9,Average,Pass
40.0,5.3,8.7,11.0,64.5,Average,Pass
37.4,5.0,6.2,13.1,62.8,Average,Pass
33.8,4.9,7.1,15.4,60.7,Average,Pass
30.2,5.6,7.3,11.3,53.7,Average,Pass
43.4,4.9,9.0,18.1,77.5,Good,Pass
32.3,4.2,7.7,13.8,60.5,Average,Pass
31.5,6.8,7.4,14.9,62.8,Average,Pass
35.9,6.9,7.0,12.9,62.3,Average,Pass
53.1,9.1,7.1,15.4,80.5,Excellent,Pass
20.3,5.5,8.8,18.0,52.3,Average,Pass
43.1,6.9,7.2,13.2,69.0,Good,Pass
14.4,7.0,6.7,18.4,46.2,At Risk,Fail
37.1,6.1,6.5,11.9,60.3,Average,Pass
51.8,7.6,6.5,15.7,81.7,Excellent,Pass
40.1,7.7,5.5,15.0,66.1,Good,Pass
36.6,7.0,6.3,10.6,58.0,Average,Pass
28.7,6.1,9.0,14.2,60.5,Average,Pass
35.1,6.0,7.0,13.6,59.7,Average,Pass
32.1,4.4,8.0,11.2,55.8,Average,Pass
26.3,5.3,4.2,14.6,52.3,Average,Pass
31.7,5.6,7.9,14.0,61.0,Average,Pass
36.9,4.8,7.0,13.4,63.7,Average,Pass
26.5,7.2,6.6,13.4,54.3,Average,Pass
26.1,8.3,7.4,13.3,56.6,Average,Pass
20.1,5.1,6.6,12.6,47.2,At Risk,Fail
39.0,6.9,4.7,14.0,65.4,Good,Pass
40.7,4.9,8.3,11.8,62.1,Average,Pass
37.3,6.0,7.5,20.0,69.8,Good,Pass
45.2,5.5,6.8,9.7,68.6,Good,Pass
35.7,7.4,6.0,12.0,59.9,Average,Pass
39.0,5.5,5.4,12.2,65.4,Good,Pass
38.1,8.0,7.5,19.3,72.8,Good,Pass
33.8,6.1,9.1,9.9,59.2,Average,Pass
29.1,5.5,7.4,14.8,59.1,Average,Pass
58.7,4.6,5.5,14.3,82.8,Excellent,Pass
